PRD0903678;619
PRD0903052;576
PRD0904358;415
PRD0900121;410
PRD0901265;230
PRD0900830;188
PRD0903074;147
PRD0904723;137
PRD0900173;133
PRD0904976;132
PRD0901887;128
PRD0902929;127
PRD0901278;98
PRD0903228;90
PRD0902540;89
PRD0904044;89
PRD0904887;87
PRD0903993;85
PRD0902029;84
PRD0901383;81
PRD0901348;74
PRD0901672;74
PRD0900531;73
PRD0901878;72
PRD0902322;72
PRD0903846;71
PRD0903399;70
PRD0903788;70
PRD0901060;64
PRD0904945;64
PRD0902671;60
PRD0900159;59
PRD0902840;59
PRD0900679;57
PRD0902728;57
PRD0902882;57
PRD0901228;56
PRD0903269;56
PRD0903806;56
PRD0903867;56
PRD0903497;55
PRD0900097;54
PRD0901948;54
PRD0902808;54
PRD0904250;53
PRD0900254;52
PRD0902700;52
PRD0902944;52
PRD0903081;52
PRD0901316;50
PRD0901652;50
PRD0901549;46
PRD0903588;46
PRD0903362;45
PRD0903542;45
PRD0903620;43
PRD0903627;43
PRD0904652;43
PRD0900684;42
PRD0901365;42
PRD0904409;42
PRD0901007;41
PRD0901712;41
PRD0904962;41
PRD0900986;40
PRD0903389;39
PRD0900008;38
PRD0900691;38
PRD0903395;38
PRD0904421;38
PRD0900239;37
PRD0900249;37
PRD0901837;37
PRD0903516;37
PRD0901068;36
PRD0901821;36
PRD0903078;36
PRD0903377;36
PRD0900202;35
PRD0900415;35
PRD0901740;35
PRD0904933;35
PRD0902129;34
PRD0903033;34
PRD0901009;33
PRD0902008;33
PRD0902213;33
PRD0902242;33
PRD0904248;33
PRD0900302;32
PRD0901003;32
PRD0902969;32
PRD0903644;32
PRD0903913;32
PRD0904157;32
PRD0904245;32
PRD0900324;31
PRD0904066;31
PRD0904679;31
PRD0900902;29
PRD0901216;29
PRD0901294;29
PRD0902163;29
PRD0902819;29
PRD0902898;29
PRD0903437;29
PRD0903677;29
PRD0904194;29
PRD0901026;28
PRD0901066;28
PRD0902198;28
PRD0902900;28
PRD0903130;28
PRD0903298;28
PRD0903991;28
PRD0900440;27
PRD0902099;27
PRD0902942;27
PRD0903764;27
PRD0904920;27
PRD0901499;26
PRD0901850;26
PRD0902103;26
PRD0902613;26
PRD0902913;26
PRD0903586;26
PRD0903776;26
PRD0904511;26
PRD0904684;26
PRD0900968;25
PRD0902265;25
PRD0903460;25
PRD0903514;25
PRD0903685;25
PRD0904212;25
PRD0904780;25
PRD0900234;24
PRD0900385;24
PRD0900580;24
PRD0900907;24
PRD0901165;24
PRD0902692;24
PRD0903250;24
PRD0903513;24
PRD0903608;24
PRD0904001;24
PRD0900330;23
PRD0900748;23
PRD0901359;23
PRD0901775;23
PRD0902453;23
PRD0902569;23
PRD0902689;23
PRD0903022;23
PRD0903317;23
PRD0900218;22
PRD0900494;22
PRD0900967;22
PRD0901585;22
PRD0902060;22
PRD0902159;22
PRD0902375;22
PRD0902423;22
PRD0902650;22
PRD0903485;22
PRD0904988;22
PRD0900676;21
PRD0900733;21
PRD0900774;21
PRD0901527;21
PRD0901562;21
PRD0901945;21
PRD0902116;21
PRD0902314;21
PRD0902723;21
PRD0902813;21
PRD0903050;21
PRD0903090;21
PRD0903341;21
PRD0903388;21
PRD0903423;21
PRD0903612;21
PRD0904559;21
PRD0904755;21
PRD0904918;21
PRD0900219;20
PRD0900456;20
PRD0900859;20
PRD0901088;20
PRD0901777;20
PRD0901853;20
PRD0902087;20
PRD0902345;20
PRD0902509;20
PRD0902699;20
PRD0903053;20
PRD0903181;20
PRD0903234;20
PRD0903313;20
PRD0903774;20
PRD0904183;20
PRD0904281;20
PRD0904478;20
PRD0904722;20
PRD0904751;20
PRD0904791;20
PRD0900065;19
PRD0900233;19
PRD0900296;19
PRD0900388;19
PRD0901067;19
PRD0901329;19
PRD0901535;19
PRD0901662;19
PRD0901811;19
PRD0902268;19
PRD0902503;19
PRD0902573;19
PRD0902601;19
PRD0903246;19
PRD0903571;19
PRD0903898;19
PRD0900196;18
PRD0900346;18
PRD0900609;18
PRD0900648;18
PRD0901220;18
PRD0901422;18
PRD0902277;18
PRD0902289;18
PRD0902472;18
PRD0902748;18
PRD0903007;18
PRD0903211;18
PRD0903812;18
PRD0903828;18
PRD0904488;18
PRD0904738;18
PRD0904743;18
PRD0900162;17
PRD0900653;17
PRD0900875;17
PRD0900926;17
PRD0900959;17
PRD0900966;17
PRD0901212;17
PRD0901353;17
PRD0901478;17
PRD0901505;17
PRD0901627;17
PRD0901653;17
PRD0901798;17
PRD0901848;17
PRD0901961;17
PRD0902499;17
PRD0902505;17
PRD0902660;17
PRD0902930;17
PRD0903321;17
PRD0903373;17
PRD0904099;17
PRD0904528;17
PRD0904606;17
PRD0904647;17
PRD0904911;17
PRD0900567;16
PRD0900649;16
PRD0900908;16
PRD0901094;16
PRD0901098;16
PRD0901242;16
PRD0901276;16
PRD0901789;16
PRD0901861;16
PRD0902259;16
PRD0902288;16
PRD0902479;16
PRD0902678;16
PRD0902786;16
PRD0902924;16
PRD0903215;16
PRD0903615;16
PRD0903617;16
PRD0903786;16
PRD0903868;16
PRD0904025;16
PRD0904158;16
PRD0904252;16
PRD0904286;16
PRD0904557;16
PRD0900066;15
PRD0900087;15
PRD0900220;15
PRD0900265;15
PRD0900329;15
PRD0901084;15
PRD0901248;15
PRD0901510;15
PRD0901679;15
PRD0902053;15
PRD0902192;15
PRD0902556;15
PRD0902618;15
PRD0902763;15
PRD0903101;15
PRD0903114;15
PRD0903596;15
PRD0903706;15
PRD0903869;15
PRD0903908;15
PRD0903988;15
PRD0904142;15
PRD0904469;15
PRD0904569;15
PRD0904845;15
PRD0904878;15
PRD0900139;14
PRD0900375;14
PRD0900475;14
PRD0900487;14
PRD0900523;14
PRD0900736;14
PRD0900741;14
PRD0900755;14
PRD0900868;14
PRD0901048;14
PRD0901304;14
PRD0901335;14
PRD0901771;14
PRD0901871;14
PRD0902064;14
PRD0902555;14
PRD0902587;14
PRD0902844;14
PRD0902982;14
PRD0903096;14
PRD0903192;14
PRD0903243;14
PRD0903270;14
PRD0903407;14
PRD0903469;14
PRD0903639;14
PRD0903822;14
PRD0904045;14
PRD0904261;14
PRD0904319;14
PRD0904620;14
PRD0904745;14
PRD0904761;14
PRD0904774;14
PRD0904797;14
PRD0904841;14
PRD0900290;13
PRD0900314;13
PRD0900465;13
PRD0900493;13
PRD0900637;13
PRD0900670;13
PRD0900675;13
PRD0900962;13
PRD0900983;13
PRD0901123;13
PRD0901488;13
PRD0901548;13
PRD0901656;13
PRD0901705;13
PRD0901776;13
PRD0901892;13
PRD0901918;13
PRD0902125;13
PRD0902137;13
PRD0902207;13
PRD0902347;13
PRD0902431;13
PRD0903110;13
PRD0903190;13
PRD0903256;13
PRD0903607;13
PRD0903750;13
PRD0903837;13
PRD0903878;13
PRD0904162;13
PRD0904174;13
PRD0904917;13
PRD0900058;12
PRD0900145;12
PRD0900151;12
PRD0900204;12
PRD0900212;12
PRD0900251;12
PRD0900294;12
PRD0900407;12
PRD0900411;12
PRD0900660;12
PRD0900753;12
PRD0900836;12
PRD0901173;12
PRD0901369;12
PRD0901405;12
PRD0901468;12
PRD0901469;12
PRD0901569;12
PRD0901577;12
PRD0901872;12
PRD0901904;12
PRD0902138;12
PRD0902158;12
PRD0902286;12
PRD0902395;12
PRD0902406;12
PRD0902473;12
PRD0902599;12
PRD0902686;12
PRD0902735;12
PRD0902804;12
PRD0902817;12
PRD0903003;12
PRD0903141;12
PRD0903158;12
PRD0903255;12
PRD0903274;12
PRD0903303;12
PRD0903348;12
PRD0903374;12
PRD0903393;12
PRD0903436;12
PRD0903567;12
PRD0904152;12
PRD0904210;12
PRD0904234;12
PRD0904311;12
PRD0904318;12
PRD0904599;12
PRD0904806;12
PRD0904838;12
PRD0904872;12
PRD0904915;12
PRD0904963;12
PRD0900109;11
PRD0900200;11
PRD0900340;11
PRD0900398;11
PRD0900400;11
PRD0900500;11
PRD0900540;11
PRD0900700;11
PRD0900729;11
PRD0900780;11
PRD0900867;11
PRD0901035;11
PRD0901092;11
PRD0901114;11
PRD0901180;11
PRD0901219;11
PRD0901239;11
PRD0901253;11
PRD0901264;11
PRD0901419;11
PRD0901486;11
PRD0901500;11
PRD0901608;11
PRD0901619;11
PRD0901860;11
PRD0901924;11
PRD0902000;11
PRD0902027;11
PRD0902186;11
PRD0902201;11
PRD0902424;11
PRD0902484;11
PRD0902560;11
PRD0902706;11
PRD0902724;11
PRD0902912;11
PRD0903058;11
PRD0903168;11
PRD0903376;11
PRD0903403;11
PRD0903492;11
PRD0903557;11
PRD0903561;11
PRD0903563;11
PRD0903637;11
PRD0903693;11
PRD0903711;11
PRD0903751;11
PRD0903836;11
PRD0904230;11
PRD0904237;11
PRD0904441;11
PRD0904498;11
PRD0904672;11
PRD0904782;11
PRD0904789;11
PRD0904813;11
PRD0904832;11
PRD0904857;11
PRD0904921;11
PRD0900135;10
PRD0900359;10
PRD0900390;10
PRD0900432;10
PRD0900435;10
PRD0900474;10
PRD0900517;10
PRD0900522;10
PRD0900614;10
PRD0900786;10
PRD0900819;10
PRD0900833;10
PRD0900876;10
PRD0900889;10
PRD0900923;10
PRD0900939;10
PRD0900954;10
PRD0901049;10
PRD0901101;10
PRD0901136;10
PRD0901145;10
PRD0901153;10
PRD0901182;10
PRD0901192;10
PRD0901317;10
PRD0901392;10
PRD0901522;10
PRD0901589;10
PRD0901716;10
PRD0901718;10
PRD0901728;10
PRD0901891;10
PRD0901917;10
PRD0901920;10
PRD0902140;10
PRD0902217;10
PRD0902262;10
PRD0902443;10
PRD0902695;10
PRD0902746;10
PRD0902856;10
PRD0903044;10
PRD0903047;10
PRD0903057;10
PRD0903115;10
PRD0903122;10
PRD0903140;10
PRD0903184;10
PRD0903204;10
PRD0903301;10
PRD0903307;10
PRD0903401;10
PRD0903498;10
PRD0903590;10
PRD0903599;10
PRD0903611;10
PRD0903959;10
PRD0904005;10
PRD0904114;10
PRD0904167;10
PRD0904240;10
PRD0904294;10
PRD0904345;10
PRD0904363;10
PRD0904433;10
PRD0904444;10
PRD0904480;10
PRD0904490;10
PRD0904535;10
PRD0904555;10
PRD0904639;10
PRD0904674;10
PRD0904690;10
PRD0904695;10
PRD0904876;10
PRD0904967;10
PRD0900166;9
PRD0900262;9
PRD0900284;9
PRD0900295;9
PRD0900311;9
PRD0900357;9
PRD0900380;9
PRD0900384;9
PRD0900472;9
PRD0900569;9
PRD0900584;9
PRD0900602;9
PRD0900951;9
PRD0901008;9
PRD0901014;9
PRD0901090;9
PRD0901141;9
PRD0901163;9
PRD0901187;9
PRD0901279;9
PRD0901350;9
PRD0901357;9
PRD0901381;9
PRD0901389;9
PRD0901407;9
PRD0901446;9
PRD0901622;9
PRD0901650;9
PRD0901763;9
PRD0901766;9
PRD0901773;9
PRD0901827;9
PRD0901888;9
PRD0902044;9
PRD0902148;9
PRD0902167;9
PRD0902318;9
PRD0902449;9
PRD0902597;9
PRD0902675;9
PRD0902681;9
PRD0902715;9
PRD0902787;9
PRD0902891;9
PRD0903106;9
PRD0903245;9
PRD0903271;9
PRD0903325;9
PRD0903330;9
PRD0903338;9
PRD0903396;9
PRD0903415;9
PRD0903618;9
PRD0903763;9
PRD0903835;9
PRD0903854;9
PRD0903917;9
PRD0903923;9
PRD0903963;9
PRD0904004;9
PRD0904038;9
PRD0904109;9
PRD0904170;9
PRD0904241;9
PRD0904269;9
PRD0904339;9
PRD0904419;9
PRD0904424;9
PRD0904502;9
PRD0904519;9
PRD0904552;9
PRD0904792;9
PRD0904867;9
PRD0904957;9
PRD0900006;8
PRD0900034;8
PRD0900053;8
PRD0900093;8
PRD0900140;8
PRD0900174;8
PRD0900181;8
PRD0900199;8
PRD0900213;8
PRD0900291;8
PRD0900321;8
PRD0900331;8
PRD0900332;8
PRD0900358;8
PRD0900363;8
PRD0900413;8
PRD0900457;8
PRD0900508;8
PRD0900633;8
PRD0900665;8
PRD0900695;8
PRD0900709;8
PRD0900803;8
PRD0900810;8
PRD0900882;8
PRD0900890;8
PRD0900971;8
PRD0901028;8
PRD0901086;8
PRD0901105;8
PRD0901222;8
PRD0901280;8
PRD0901283;8
PRD0901319;8
PRD0901340;8
PRD0901421;8
PRD0901474;8
PRD0901483;8
PRD0901496;8
PRD0901520;8
PRD0901541;8
PRD0901545;8
PRD0901561;8
PRD0901590;8
PRD0901611;8
PRD0901638;8
PRD0901881;8
PRD0901936;8
PRD0901957;8
PRD0901983;8
PRD0902013;8
PRD0902091;8
PRD0902107;8
PRD0902115;8
PRD0902216;8
PRD0902233;8
PRD0902276;8
PRD0902321;8
PRD0902328;8
PRD0902351;8
PRD0902371;8
PRD0902398;8
PRD0902477;8
PRD0902478;8
PRD0902594;8
PRD0902610;8
PRD0902621;8
PRD0902691;8
PRD0902697;8
PRD0902837;8
PRD0902883;8
PRD0902890;8
PRD0902908;8
PRD0902945;8
PRD0902960;8
PRD0903008;8
PRD0903051;8
PRD0903147;8
PRD0903162;8
PRD0903218;8
PRD0903285;8
PRD0903327;8
PRD0903409;8
PRD0903429;8
PRD0903432;8
PRD0903441;8
PRD0903511;8
PRD0903518;8
PRD0903543;8
PRD0903650;8
PRD0903761;8
PRD0903770;8
PRD0903816;8
PRD0903827;8
PRD0903860;8
PRD0903876;8
PRD0903896;8
PRD0903900;8
PRD0903939;8
PRD0903980;8
PRD0904014;8
PRD0904023;8
PRD0904029;8
PRD0904055;8
PRD0904077;8
PRD0904103;8
PRD0904120;8
PRD0904192;8
PRD0904211;8
PRD0904357;8
PRD0904364;8
PRD0904459;8
PRD0904489;8
PRD0904614;8
PRD0904710;8
PRD0904908;8
PRD0904951;8
PRD0904977;8
PRD0904990;8
PRD0900013;7
PRD0900014;7
PRD0900027;7
PRD0900147;7
PRD0900149;7
PRD0900154;7
PRD0900229;7
PRD0900248;7
PRD0900260;7
PRD0900338;7
PRD0900362;7
PRD0900376;7
PRD0900387;7
PRD0900394;7
PRD0900395;7
PRD0900401;7
PRD0900461;7
PRD0900547;7
PRD0900603;7
PRD0900606;7
PRD0900631;7
PRD0900656;7
PRD0900672;7
PRD0900685;7
PRD0900715;7
PRD0900745;7
PRD0900927;7
PRD0900984;7
PRD0901017;7
PRD0901113;7
PRD0901116;7
PRD0901214;7
PRD0901258;7
PRD0901328;7
PRD0901417;7
PRD0901420;7
PRD0901428;7
PRD0901431;7
PRD0901480;7
PRD0901529;7
PRD0901543;7
PRD0901594;7
PRD0901617;7
PRD0901647;7
PRD0901673;7
PRD0901743;7
PRD0901778;7
PRD0901823;7
PRD0901901;7
PRD0901906;7
PRD0901915;7
PRD0901938;7
PRD0901946;7
PRD0901954;7
PRD0901985;7
PRD0901996;7
PRD0902054;7
PRD0902056;7
PRD0902063;7
PRD0902083;7
PRD0902149;7
PRD0902151;7
PRD0902155;7
PRD0902200;7
PRD0902254;7
PRD0902272;7
PRD0902292;7
PRD0902370;7
PRD0902374;7
PRD0902405;7
PRD0902455;7
PRD0902459;7
PRD0902491;7
PRD0902576;7
PRD0902679;7
PRD0902685;7
PRD0902749;7
PRD0902855;7
PRD0902887;7
PRD0902899;7
PRD0902907;7
PRD0902954;7
PRD0902968;7
PRD0902971;7
PRD0903001;7
PRD0903010;7
PRD0903170;7
PRD0903197;7
PRD0903214;7
PRD0903273;7
PRD0903286;7
PRD0903336;7
PRD0903360;7
PRD0903378;7
PRD0903463;7
PRD0903473;7
PRD0903477;7
PRD0903541;7
PRD0903556;7
PRD0903560;7
PRD0903680;7
PRD0903686;7
PRD0903691;7
PRD0903704;7
PRD0903705;7
PRD0903717;7
PRD0903757;7
PRD0903782;7
PRD0903796;7
PRD0903819;7
PRD0903890;7
PRD0903964;7
PRD0903975;7
PRD0904020;7
PRD0904059;7
PRD0904062;7
PRD0904096;7
PRD0904156;7
PRD0904191;7
PRD0904208;7
PRD0904264;7
PRD0904340;7
PRD0904371;7
PRD0904387;7
PRD0904404;7
PRD0904436;7
PRD0904453;7
PRD0904463;7
PRD0904534;7
PRD0904561;7
PRD0904567;7
PRD0904600;7
PRD0904615;7
PRD0904636;7
PRD0904656;7
PRD0904669;7
PRD0904681;7
PRD0904698;7
PRD0904736;7
PRD0904757;7
PRD0904785;7
PRD0904788;7
PRD0904836;7
PRD0904891;7
PRD0904934;7
PRD0900095;6
PRD0900129;6
PRD0900143;6
PRD0900228;6
PRD0900242;6
PRD0900345;6
PRD0900354;6
PRD0900356;6
PRD0900372;6
PRD0900393;6
PRD0900414;6
PRD0900431;6
PRD0900450;6
PRD0900452;6
PRD0900507;6
PRD0900526;6
PRD0900532;6
PRD0900565;6
PRD0900572;6
PRD0900598;6
PRD0900692;6
PRD0900757;6
PRD0900807;6
PRD0900815;6
PRD0900840;6
PRD0900885;6
PRD0900917;6
PRD0900991;6
PRD0900996;6
PRD0901004;6
PRD0901027;6
PRD0901052;6
PRD0901132;6
PRD0901139;6
PRD0901170;6
PRD0901171;6
PRD0901172;6
PRD0901201;6
PRD0901205;6
PRD0901230;6
PRD0901364;6
PRD0901366;6
PRD0901410;6
PRD0901424;6
PRD0901506;6
PRD0901508;6
PRD0901565;6
PRD0901584;6
PRD0901600;6
PRD0901610;6
PRD0901620;6
PRD0901666;6
PRD0901670;6
PRD0901684;6
PRD0901688;6
PRD0901706;6
PRD0901720;6
PRD0901727;6
PRD0901741;6
PRD0901742;6
PRD0901759;6
PRD0901769;6
PRD0901779;6
PRD0901820;6
PRD0901826;6
PRD0901844;6
PRD0901877;6
PRD0901886;6
PRD0901896;6
PRD0901923;6
PRD0901944;6
PRD0901966;6
PRD0901977;6
PRD0902015;6
PRD0902043;6
PRD0902066;6
PRD0902075;6
PRD0902134;6
PRD0902194;6
PRD0902203;6
PRD0902218;6
PRD0902222;6
PRD0902232;6
PRD0902243;6
PRD0902247;6
PRD0902266;6
PRD0902308;6
PRD0902376;6
PRD0902386;6
PRD0902429;6
PRD0902434;6
PRD0902457;6
PRD0902482;6
PRD0902490;6
PRD0902522;6
PRD0902549;6
PRD0902562;6
PRD0902579;6
PRD0902596;6
PRD0902608;6
PRD0902629;6
PRD0902632;6
PRD0902638;6
PRD0902687;6
PRD0902760;6
PRD0902767;6
PRD0902832;6
PRD0902897;6
PRD0902917;6
PRD0902923;6
PRD0902948;6
PRD0902963;6
PRD0903042;6
PRD0903086;6
PRD0903113;6
PRD0903138;6
PRD0903152;6
PRD0903176;6
PRD0903183;6
PRD0903189;6
PRD0903194;6
PRD0903195;6
PRD0903200;6
PRD0903223;6
PRD0903227;6
PRD0903233;6
PRD0903309;6
PRD0903320;6
PRD0903334;6
PRD0903342;6
PRD0903438;6
PRD0903452;6
PRD0903523;6
PRD0903552;6
PRD0903598;6
PRD0903632;6
PRD0903665;6
PRD0903667;6
PRD0903690;6
PRD0903720;6
PRD0903722;6
PRD0903727;6
PRD0903739;6
PRD0903768;6
PRD0903805;6
PRD0903825;6
PRD0903832;6
PRD0903850;6
PRD0903877;6
PRD0903918;6
PRD0903942;6
PRD0903957;6
PRD0904011;6
PRD0904046;6
PRD0904050;6
PRD0904088;6
PRD0904133;6
PRD0904136;6
PRD0904138;6
PRD0904140;6
PRD0904171;6
PRD0904202;6
PRD0904204;6
PRD0904213;6
PRD0904308;6
PRD0904327;6
PRD0904370;6
PRD0904391;6
PRD0904399;6
PRD0904411;6
PRD0904422;6
PRD0904426;6
PRD0904486;6
PRD0904532;6
PRD0904621;6
PRD0904624;6
PRD0904637;6
PRD0904657;6
PRD0904703;6
PRD0904719;6
PRD0904854;6
PRD0904860;6
PRD0904861;6
PRD0904866;6
PRD0904909;6
PRD0904925;6
PRD0904938;6
PRD0904947;6
PRD0904981;6
PRD0900076;5
PRD0900144;5
PRD0900161;5
PRD0900167;5
PRD0900175;5
PRD0900177;5
PRD0900195;5
PRD0900238;5
PRD0900292;5
PRD0900300;5
PRD0900318;5
PRD0900342;5
PRD0900347;5
PRD0900348;5
PRD0900349;5
PRD0900373;5
PRD0900399;5
PRD0900429;5
PRD0900462;5
PRD0900469;5
PRD0900471;5
PRD0900489;5
PRD0900519;5
PRD0900564;5
PRD0900622;5
PRD0900632;5
PRD0900654;5
PRD0900664;5
PRD0900683;5
PRD0900687;5
PRD0900722;5
PRD0900734;5
PRD0900744;5
PRD0900759;5
PRD0900760;5
PRD0900769;5
PRD0900775;5
PRD0900797;5
PRD0900817;5
PRD0900837;5
PRD0900888;5
PRD0900938;5
PRD0900946;5
PRD0901013;5
PRD0901053;5
PRD0901083;5
PRD0901100;5
PRD0901112;5
PRD0901124;5
PRD0901137;5
PRD0901150;5
PRD0901169;5
PRD0901199;5
PRD0901255;5
PRD0901327;5
PRD0901343;5
PRD0901387;5
PRD0901395;5
PRD0901400;5
PRD0901411;5
PRD0901414;5
PRD0901434;5
PRD0901458;5
PRD0901470;5
PRD0901489;5
PRD0901524;5
PRD0901568;5
PRD0901571;5
PRD0901573;5
PRD0901592;5
PRD0901604;5
PRD0901614;5
PRD0901667;5
PRD0901770;5
PRD0901809;5
PRD0901813;5
PRD0901822;5
PRD0901835;5
PRD0901845;5
PRD0901858;5
PRD0901866;5
PRD0901867;5
PRD0901969;5
PRD0901981;5
PRD0901982;5
PRD0901987;5
PRD0901990;5
PRD0902018;5
PRD0902049;5
PRD0902068;5
PRD0902077;5
PRD0902108;5
PRD0902170;5
PRD0902190;5
PRD0902221;5
PRD0902225;5
PRD0902279;5
PRD0902324;5
PRD0902342;5
PRD0902372;5
PRD0902399;5
PRD0902409;5
PRD0902420;5
PRD0902425;5
PRD0902462;5
PRD0902507;5
PRD0902563;5
PRD0902581;5
PRD0902586;5
PRD0902630;5
PRD0902631;5
PRD0902666;5
PRD0902667;5
PRD0902682;5
PRD0902721;5
PRD0902757;5
PRD0902789;5
PRD0902790;5
PRD0902801;5
PRD0902821;5
PRD0902852;5
PRD0902868;5
PRD0902880;5
PRD0902892;5
PRD0902919;5
PRD0902920;5
PRD0902938;5
PRD0902957;5
PRD0903013;5
PRD0903021;5
PRD0903039;5
PRD0903123;5
PRD0903134;5
PRD0903198;5
PRD0903205;5
PRD0903335;5
PRD0903349;5
PRD0903352;5
PRD0903353;5
PRD0903364;5
PRD0903408;5
PRD0903471;5
PRD0903472;5
PRD0903489;5
PRD0903602;5
PRD0903619;5
PRD0903654;5
PRD0903794;5
PRD0903821;5
PRD0903833;5
PRD0903845;5
PRD0903852;5
PRD0903875;5
PRD0903882;5
PRD0903891;5
PRD0903899;5
PRD0903925;5
PRD0903927;5
PRD0903931;5
PRD0903974;5
PRD0903981;5
PRD0904007;5
PRD0904013;5
PRD0904039;5
PRD0904056;5
PRD0904058;5
PRD0904061;5
PRD0904063;5
PRD0904080;5
PRD0904090;5
PRD0904092;5
PRD0904113;5
PRD0904185;5
PRD0904195;5
PRD0904199;5
PRD0904207;5
PRD0904246;5
PRD0904276;5
PRD0904289;5
PRD0904321;5
PRD0904322;5
PRD0904324;5
PRD0904360;5
PRD0904389;5
PRD0904396;5
PRD0904420;5
PRD0904434;5
PRD0904505;5
PRD0904510;5
PRD0904527;5
PRD0904645;5
PRD0904649;5
PRD0904686;5
PRD0904720;5
PRD0904733;5
PRD0904748;5
PRD0904750;5
PRD0904758;5
PRD0904781;5
PRD0904794;5
PRD0904803;5
PRD0904814;5
PRD0904826;5
PRD0904830;5
PRD0904851;5
PRD0904868;5
PRD0904870;5
PRD0904871;5
PRD0904888;5
PRD0904898;5
PRD0904916;5
PRD0904936;5
PRD0904958;5
PRD0904961;5
PRD0904993;5
PRD0900002;4
PRD0900015;4
PRD0900032;4
PRD0900040;4
PRD0900044;4
PRD0900051;4
PRD0900092;4
PRD0900107;4
PRD0900119;4
PRD0900128;4
PRD0900142;4
PRD0900198;4
PRD0900217;4
PRD0900226;4
PRD0900243;4
PRD0900244;4
PRD0900267;4
PRD0900270;4
PRD0900319;4
PRD0900336;4
PRD0900337;4
PRD0900369;4
PRD0900382;4
PRD0900391;4
PRD0900430;4
PRD0900447;4
PRD0900463;4
PRD0900486;4
PRD0900542;4
PRD0900555;4
PRD0900568;4
PRD0900607;4
PRD0900608;4
PRD0900615;4
PRD0900618;4
PRD0900619;4
PRD0900636;4
PRD0900651;4
PRD0900673;4
PRD0900686;4
PRD0900701;4
PRD0900705;4
PRD0900723;4
PRD0900725;4
PRD0900728;4
PRD0900749;4
PRD0900751;4
PRD0900791;4
PRD0900794;4
PRD0900818;4
PRD0900834;4
PRD0900846;4
PRD0900851;4
PRD0900863;4
PRD0900873;4
PRD0900898;4
PRD0900934;4
PRD0900936;4
PRD0900958;4
PRD0900963;4
PRD0900973;4
PRD0901037;4
PRD0901038;4
PRD0901039;4
PRD0901045;4
PRD0901055;4
PRD0901075;4
PRD0901076;4
PRD0901103;4
PRD0901133;4
PRD0901134;4
PRD0901147;4
PRD0901167;4
PRD0901179;4
PRD0901198;4
PRD0901202;4
PRD0901215;4
PRD0901221;4
PRD0901225;4
PRD0901229;4
PRD0901256;4
PRD0901262;4
PRD0901287;4
PRD0901295;4
PRD0901306;4
PRD0901307;4
PRD0901308;4
PRD0901337;4
PRD0901355;4
PRD0901356;4
PRD0901376;4
PRD0901386;4
PRD0901398;4
PRD0901402;4
PRD0901404;4
PRD0901450;4
PRD0901502;4
PRD0901515;4
PRD0901528;4
PRD0901532;4
PRD0901533;4
PRD0901579;4
PRD0901580;4
PRD0901616;4
PRD0901621;4
PRD0901635;4
PRD0901648;4
PRD0901675;4
PRD0901687;4
PRD0901707;4
PRD0901734;4
PRD0901744;4
PRD0901752;4
PRD0901761;4
PRD0901810;4
PRD0901824;4
PRD0901834;4
PRD0901863;4
PRD0901925;4
PRD0901927;4
PRD0901929;4
PRD0901955;4
PRD0901965;4
PRD0901967;4
PRD0901991;4
PRD0901992;4
PRD0902010;4
PRD0902012;4
PRD0902014;4
PRD0902019;4
PRD0902025;4
PRD0902032;4
PRD0902036;4
PRD0902069;4
PRD0902078;4
PRD0902093;4
PRD0902097;4
PRD0902098;4
PRD0902102;4
PRD0902109;4
PRD0902110;4
PRD0902112;4
PRD0902144;4
PRD0902162;4
PRD0902165;4
PRD0902181;4
PRD0902187;4
PRD0902188;4
PRD0902197;4
PRD0902248;4
PRD0902250;4
PRD0902291;4
PRD0902310;4
PRD0902341;4
PRD0902361;4
PRD0902392;4
PRD0902394;4
PRD0902411;4
PRD0902414;4
PRD0902432;4
PRD0902452;4
PRD0902467;4
PRD0902496;4
PRD0902536;4
PRD0902541;4
PRD0902561;4
PRD0902565;4
PRD0902570;4
PRD0902571;4
PRD0902575;4
PRD0902609;4
PRD0902627;4
PRD0902628;4
PRD0902637;4
PRD0902639;4
PRD0902642;4
PRD0902646;4
PRD0902647;4
PRD0902736;4
PRD0902751;4
PRD0902780;4
PRD0902782;4
PRD0902795;4
PRD0902803;4
PRD0902822;4
PRD0902826;4
PRD0902839;4
PRD0902867;4
PRD0902869;4
PRD0902873;4
PRD0902889;4
PRD0902906;4
PRD0902909;4
PRD0902974;4
PRD0902976;4
PRD0902987;4
PRD0902993;4
PRD0903026;4
PRD0903071;4
PRD0903085;4
PRD0903093;4
PRD0903107;4
PRD0903125;4
PRD0903136;4
PRD0903153;4
PRD0903156;4
PRD0903203;4
PRD0903208;4
PRD0903241;4
PRD0903291;4
PRD0903297;4
PRD0903308;4
PRD0903315;4
PRD0903328;4
PRD0903365;4
PRD0903382;4
PRD0903410;4
PRD0903419;4
PRD0903426;4
PRD0903430;4
PRD0903447;4
PRD0903476;4
PRD0903494;4
PRD0903495;4
PRD0903522;4
PRD0903525;4
PRD0903526;4
PRD0903540;4
PRD0903545;4
PRD0903564;4
PRD0903630;4
PRD0903655;4
PRD0903703;4
PRD0903714;4
PRD0903721;4
PRD0903745;4
PRD0903746;4
PRD0903765;4
PRD0903809;4
PRD0903815;4
PRD0903903;4
PRD0903910;4
PRD0903924;4
PRD0903934;4
PRD0903935;4
PRD0903941;4
PRD0903949;4
PRD0903992;4
PRD0903996;4
PRD0904000;4
PRD0904008;4
PRD0904024;4
PRD0904027;4
PRD0904043;4
PRD0904097;4
PRD0904115;4
PRD0904149;4
PRD0904178;4
PRD0904203;4
PRD0904218;4
PRD0904262;4
PRD0904323;4
PRD0904332;4
PRD0904334;4
PRD0904337;4
PRD0904359;4
PRD0904366;4
PRD0904367;4
PRD0904376;4
PRD0904447;4
PRD0904479;4
PRD0904492;4
PRD0904494;4
PRD0904516;4
PRD0904518;4
PRD0904523;4
PRD0904525;4
PRD0904530;4
PRD0904531;4
PRD0904533;4
PRD0904548;4
PRD0904570;4
PRD0904579;4
PRD0904592;4
PRD0904595;4
PRD0904598;4
PRD0904613;4
PRD0904707;4
PRD0904737;4
PRD0904740;4
PRD0904760;4
PRD0904815;4
PRD0904848;4
PRD0904874;4
PRD0904879;4
PRD0904881;4
PRD0904883;4
PRD0904903;4
PRD0904906;4
PRD0904923;4
PRD0904942;4
PRD0904982;4
PRD0904995;4
PRD0900004;3
PRD0900005;3
PRD0900007;3
PRD0900017;3
PRD0900033;3
PRD0900045;3
PRD0900046;3
PRD0900049;3
PRD0900050;3
PRD0900055;3
PRD0900060;3
PRD0900078;3
PRD0900080;3
PRD0900083;3
PRD0900099;3
PRD0900104;3
PRD0900115;3
PRD0900125;3
PRD0900132;3
PRD0900155;3
PRD0900158;3
PRD0900179;3
PRD0900201;3
PRD0900214;3
PRD0900216;3
PRD0900256;3
PRD0900258;3
PRD0900275;3
PRD0900298;3
PRD0900310;3
PRD0900315;3
PRD0900396;3
PRD0900409;3
PRD0900424;3
PRD0900434;3
PRD0900436;3
PRD0900468;3
PRD0900478;3
PRD0900484;3
PRD0900520;3
PRD0900534;3
PRD0900541;3
PRD0900548;3
PRD0900557;3
PRD0900561;3
PRD0900571;3
PRD0900582;3
PRD0900605;3
PRD0900617;3
PRD0900621;3
PRD0900624;3
PRD0900666;3
PRD0900667;3
PRD0900669;3
PRD0900688;3
PRD0900702;3
PRD0900717;3
PRD0900718;3
PRD0900719;3
PRD0900724;3
PRD0900743;3
PRD0900761;3
PRD0900779;3
PRD0900801;3
PRD0900809;3
PRD0900811;3
PRD0900835;3
PRD0900838;3
PRD0900839;3
PRD0900845;3
PRD0900849;3
PRD0900852;3
PRD0900860;3
PRD0900865;3
PRD0900870;3
PRD0900886;3
PRD0900891;3
PRD0900893;3
PRD0900899;3
PRD0900906;3
PRD0900925;3
PRD0900948;3
PRD0900956;3
PRD0900965;3
PRD0901006;3
PRD0901010;3
PRD0901032;3
PRD0901047;3
PRD0901056;3
PRD0901062;3
PRD0901070;3
PRD0901072;3
PRD0901077;3
PRD0901079;3
PRD0901106;3
PRD0901109;3
PRD0901122;3
PRD0901127;3
PRD0901140;3
PRD0901151;3
PRD0901152;3
PRD0901157;3
PRD0901161;3
PRD0901168;3
PRD0901176;3
PRD0901185;3
PRD0901186;3
PRD0901200;3
PRD0901211;3
PRD0901227;3
PRD0901254;3
PRD0901285;3
PRD0901292;3
PRD0901297;3
PRD0901301;3
PRD0901305;3
PRD0901338;3
PRD0901361;3
PRD0901375;3
PRD0901382;3
PRD0901388;3
PRD0901390;3
PRD0901393;3
PRD0901401;3
PRD0901406;3
PRD0901408;3
PRD0901416;3
PRD0901441;3
PRD0901443;3
PRD0901445;3
PRD0901456;3
PRD0901457;3
PRD0901459;3
PRD0901492;3
PRD0901498;3
PRD0901501;3
PRD0901507;3
PRD0901542;3
PRD0901547;3
PRD0901597;3
PRD0901609;3
PRD0901636;3
PRD0901674;3
PRD0901676;3
PRD0901691;3
PRD0901713;3
PRD0901717;3
PRD0901733;3
PRD0901735;3
PRD0901749;3
PRD0901757;3
PRD0901758;3
PRD0901762;3
PRD0901786;3
PRD0901797;3
PRD0901799;3
PRD0901805;3
PRD0901832;3
PRD0901838;3
PRD0901862;3
PRD0901873;3
PRD0901876;3
PRD0901908;3
PRD0901916;3
PRD0901926;3
PRD0901962;3
PRD0901973;3
PRD0901997;3
PRD0902007;3
PRD0902011;3
PRD0902017;3
PRD0902040;3
PRD0902041;3
PRD0902051;3
PRD0902065;3
PRD0902081;3
PRD0902084;3
PRD0902088;3
PRD0902092;3
PRD0902100;3
PRD0902101;3
PRD0902105;3
PRD0902118;3
PRD0902119;3
PRD0902120;3
PRD0902124;3
PRD0902139;3
PRD0902166;3
PRD0902176;3
PRD0902180;3
PRD0902205;3
PRD0902212;3
PRD0902220;3
PRD0902237;3
PRD0902238;3
PRD0902256;3
PRD0902257;3
PRD0902264;3
PRD0902270;3
PRD0902283;3
PRD0902284;3
PRD0902287;3
PRD0902294;3
PRD0902295;3
PRD0902297;3
PRD0902305;3
PRD0902311;3
PRD0902317;3
PRD0902335;3
PRD0902365;3
PRD0902377;3
PRD0902380;3
PRD0902390;3
PRD0902403;3
PRD0902439;3
PRD0902465;3
PRD0902480;3
PRD0902502;3
PRD0902532;3
PRD0902537;3
PRD0902539;3
PRD0902585;3
PRD0902590;3
PRD0902595;3
PRD0902598;3
PRD0902603;3
PRD0902620;3
PRD0902626;3
PRD0902654;3
PRD0902657;3
PRD0902661;3
PRD0902690;3
PRD0902702;3
PRD0902713;3
PRD0902717;3
PRD0902719;3
PRD0902732;3
PRD0902742;3
PRD0902753;3
PRD0902759;3
PRD0902772;3
PRD0902792;3
PRD0902796;3
PRD0902829;3
PRD0902838;3
PRD0902845;3
PRD0902850;3
PRD0902861;3
PRD0902874;3
PRD0902916;3
PRD0902928;3
PRD0902951;3
PRD0902952;3
PRD0902958;3
PRD0903017;3
PRD0903018;3
PRD0903034;3
PRD0903043;3
PRD0903055;3
PRD0903060;3
PRD0903073;3
PRD0903079;3
PRD0903082;3
PRD0903089;3
PRD0903112;3
PRD0903127;3
PRD0903133;3
PRD0903135;3
PRD0903143;3
PRD0903144;3
PRD0903145;3
PRD0903169;3
PRD0903175;3
PRD0903178;3
PRD0903191;3
PRD0903217;3
PRD0903219;3
PRD0903235;3
PRD0903278;3
PRD0903284;3
PRD0903288;3
PRD0903304;3
PRD0903331;3
PRD0903370;3
PRD0903371;3
PRD0903402;3
PRD0903467;3
PRD0903481;3
PRD0903505;3
PRD0903528;3
PRD0903531;3
PRD0903548;3
PRD0903582;3
PRD0903591;3
PRD0903597;3
PRD0903621;3
PRD0903628;3
PRD0903629;3
PRD0903631;3
PRD0903651;3
PRD0903660;3
PRD0903662;3
PRD0903664;3
PRD0903670;3
PRD0903672;3
PRD0903723;3
PRD0903753;3
PRD0903777;3
PRD0903781;3
PRD0903787;3
PRD0903792;3
PRD0903826;3
PRD0903841;3
PRD0903863;3
PRD0903864;3
PRD0903883;3
PRD0903886;3
PRD0903888;3
PRD0903906;3
PRD0903907;3
PRD0903930;3
PRD0903936;3
PRD0903968;3
PRD0903972;3
PRD0903977;3
PRD0903986;3
PRD0903987;3
PRD0903997;3
PRD0904009;3
PRD0904035;3
PRD0904036;3
PRD0904054;3
PRD0904057;3
PRD0904076;3
PRD0904083;3
PRD0904098;3
PRD0904100;3
PRD0904110;3
PRD0904130;3
PRD0904144;3
PRD0904160;3
PRD0904163;3
PRD0904164;3
PRD0904205;3
PRD0904217;3
PRD0904229;3
PRD0904254;3
PRD0904255;3
PRD0904270;3
PRD0904273;3
PRD0904283;3
PRD0904292;3
PRD0904305;3
PRD0904315;3
PRD0904330;3
PRD0904335;3
PRD0904374;3
PRD0904380;3
PRD0904394;3
PRD0904397;3
PRD0904400;3
PRD0904413;3
PRD0904418;3
PRD0904423;3
PRD0904425;3
PRD0904427;3
PRD0904445;3
PRD0904474;3
PRD0904475;3
PRD0904493;3
PRD0904500;3
PRD0904507;3
PRD0904509;3
PRD0904520;3
PRD0904554;3
PRD0904585;3
PRD0904602;3
PRD0904603;3
PRD0904648;3
PRD0904650;3
PRD0904651;3
PRD0904688;3
PRD0904697;3
PRD0904746;3
PRD0904773;3
PRD0904775;3
PRD0904795;3
PRD0904809;3
PRD0904821;3
PRD0904822;3
PRD0904823;3
PRD0904834;3
PRD0904846;3
PRD0904856;3
PRD0904869;3
PRD0904892;3
PRD0904895;3
PRD0904905;3
PRD0904907;3
PRD0904926;3
PRD0904952;3
PRD0904965;3
PRD0904974;3
PRD0900029;2
PRD0900052;2
PRD0900054;2
PRD0900056;2
PRD0900057;2
PRD0900069;2
PRD0900074;2
PRD0900091;2
PRD0900113;2
PRD0900118;2
PRD0900153;2
PRD0900157;2
PRD0900160;2
PRD0900168;2
PRD0900221;2
PRD0900224;2
PRD0900231;2
PRD0900241;2
PRD0900263;2
PRD0900271;2
PRD0900273;2
PRD0900278;2
PRD0900285;2
PRD0900289;2
PRD0900293;2
PRD0900297;2
PRD0900304;2
PRD0900308;2
PRD0900360;2
PRD0900370;2
PRD0900397;2
PRD0900416;2
PRD0900420;2
PRD0900421;2
PRD0900438;2
PRD0900439;2
PRD0900442;2
PRD0900449;2
PRD0900454;2
PRD0900467;2
PRD0900473;2
PRD0900481;2
PRD0900482;2
PRD0900488;2
PRD0900492;2
PRD0900498;2
PRD0900516;2
PRD0900521;2
PRD0900537;2
PRD0900563;2
PRD0900573;2
PRD0900574;2
PRD0900583;2
PRD0900589;2
PRD0900592;2
PRD0900593;2
PRD0900595;2
PRD0900613;2
PRD0900623;2
PRD0900627;2
PRD0900628;2
PRD0900634;2
PRD0900639;2
PRD0900643;2
PRD0900662;2
PRD0900680;2
PRD0900698;2
PRD0900707;2
PRD0900713;2
PRD0900727;2
PRD0900737;2
PRD0900752;2
PRD0900765;2
PRD0900771;2
PRD0900776;2
PRD0900781;2
PRD0900805;2
PRD0900821;2
PRD0900826;2
PRD0900832;2
PRD0900844;2
PRD0900853;2
PRD0900857;2
PRD0900862;2
PRD0900871;2
PRD0900877;2
PRD0900878;2
PRD0900883;2
PRD0900884;2
PRD0900897;2
PRD0900901;2
PRD0900903;2
PRD0900911;2
PRD0900919;2
PRD0900922;2
PRD0900929;2
PRD0900933;2
PRD0900935;2
PRD0900944;2
PRD0900976;2
PRD0901024;2
PRD0901034;2
PRD0901044;2
PRD0901058;2
PRD0901059;2
PRD0901074;2
PRD0901081;2
PRD0901082;2
PRD0901087;2
PRD0901093;2
PRD0901099;2
PRD0901102;2
PRD0901118;2
PRD0901138;2
PRD0901144;2
PRD0901146;2
PRD0901148;2
PRD0901160;2
PRD0901166;2
PRD0901181;2
PRD0901190;2
PRD0901196;2
PRD0901197;2
PRD0901224;2
PRD0901233;2
PRD0901237;2
PRD0901238;2
PRD0901261;2
PRD0901269;2
PRD0901270;2
PRD0901277;2
PRD0901281;2
PRD0901282;2
PRD0901286;2
PRD0901288;2
PRD0901293;2
PRD0901299;2
PRD0901303;2
PRD0901309;2
PRD0901310;2
PRD0901331;2
PRD0901333;2
PRD0901352;2
PRD0901354;2
PRD0901374;2
PRD0901394;2
PRD0901396;2
PRD0901403;2
PRD0901415;2
PRD0901423;2
PRD0901426;2
PRD0901427;2
PRD0901430;2
PRD0901432;2
PRD0901435;2
PRD0901451;2
PRD0901463;2
PRD0901464;2
PRD0901490;2
PRD0901491;2
PRD0901503;2
PRD0901504;2
PRD0901514;2
PRD0901516;2
PRD0901521;2
PRD0901544;2
PRD0901552;2
PRD0901553;2
PRD0901554;2
PRD0901556;2
PRD0901560;2
PRD0901563;2
PRD0901567;2
PRD0901576;2
PRD0901588;2
PRD0901613;2
PRD0901632;2
PRD0901639;2
PRD0901645;2
PRD0901651;2
PRD0901659;2
PRD0901677;2
PRD0901678;2
PRD0901681;2
PRD0901692;2
PRD0901698;2
PRD0901699;2
PRD0901704;2
PRD0901721;2
PRD0901723;2
PRD0901750;2
PRD0901753;2
PRD0901764;2
PRD0901768;2
PRD0901794;2
PRD0901817;2
PRD0901831;2
PRD0901833;2
PRD0901855;2
PRD0901869;2
PRD0901870;2
PRD0901874;2
PRD0901897;2
PRD0901900;2
PRD0901903;2
PRD0901907;2
PRD0901912;2
PRD0901919;2
PRD0901921;2
PRD0901931;2
PRD0901958;2
PRD0901959;2
PRD0901970;2
PRD0901974;2
PRD0901975;2
PRD0901988;2
PRD0901989;2
PRD0902016;2
PRD0902026;2
PRD0902028;2
PRD0902031;2
PRD0902034;2
PRD0902070;2
PRD0902076;2
PRD0902090;2
PRD0902096;2
PRD0902106;2
PRD0902117;2
PRD0902122;2
PRD0902126;2
PRD0902130;2
PRD0902132;2
PRD0902141;2
PRD0902157;2
PRD0902168;2
PRD0902185;2
PRD0902199;2
PRD0902204;2
PRD0902219;2
PRD0902226;2
PRD0902239;2
PRD0902253;2
PRD0902258;2
PRD0902269;2
PRD0902298;2
PRD0902301;2
PRD0902303;2
PRD0902312;2
PRD0902325;2
PRD0902350;2
PRD0902354;2
PRD0902355;2
PRD0902357;2
PRD0902358;2
PRD0902359;2
PRD0902364;2
PRD0902368;2
PRD0902408;2
PRD0902412;2
PRD0902415;2
PRD0902416;2
PRD0902417;2
PRD0902438;2
PRD0902446;2
PRD0902464;2
PRD0902468;2
PRD0902476;2
PRD0902485;2
PRD0902486;2
PRD0902488;2
PRD0902489;2
PRD0902492;2
PRD0902498;2
PRD0902501;2
PRD0902516;2
PRD0902526;2
PRD0902533;2
PRD0902542;2
PRD0902544;2
PRD0902551;2
PRD0902557;2
PRD0902558;2
PRD0902559;2
PRD0902564;2
PRD0902578;2
PRD0902584;2
PRD0902600;2
PRD0902602;2
PRD0902605;2
PRD0902607;2
PRD0902648;2
PRD0902651;2
PRD0902653;2
PRD0902659;2
PRD0902673;2
PRD0902676;2
PRD0902688;2
PRD0902694;2
PRD0902709;2
PRD0902718;2
PRD0902729;2
PRD0902733;2
PRD0902734;2
PRD0902737;2
PRD0902740;2
PRD0902747;2
PRD0902752;2
PRD0902758;2
PRD0902769;2
PRD0902785;2
PRD0902794;2
PRD0902810;2
PRD0902816;2
PRD0902825;2
PRD0902836;2
PRD0902860;2
PRD0902875;2
PRD0902876;2
PRD0902901;2
PRD0902903;2
PRD0902904;2
PRD0902925;2
PRD0902931;2
PRD0902941;2
PRD0902946;2
PRD0902959;2
PRD0902988;2
PRD0902997;2
PRD0903014;2
PRD0903030;2
PRD0903035;2
PRD0903037;2
PRD0903041;2
PRD0903046;2
PRD0903048;2
PRD0903069;2
PRD0903076;2
PRD0903077;2
PRD0903088;2
PRD0903099;2
PRD0903100;2
PRD0903102;2
PRD0903108;2
PRD0903139;2
PRD0903146;2
PRD0903157;2
PRD0903161;2
PRD0903164;2
PRD0903171;2
PRD0903174;2
PRD0903185;2
PRD0903196;2
PRD0903199;2
PRD0903202;2
PRD0903212;2
PRD0903221;2
PRD0903229;2
PRD0903248;2
PRD0903251;2
PRD0903257;2
PRD0903259;2
PRD0903260;2
PRD0903279;2
PRD0903282;2
PRD0903287;2
PRD0903290;2
PRD0903296;2
PRD0903302;2
PRD0903306;2
PRD0903333;2
PRD0903375;2
PRD0903384;2
PRD0903387;2
PRD0903390;2
PRD0903394;2
PRD0903414;2
PRD0903422;2
PRD0903434;2
PRD0903439;2
PRD0903451;2
PRD0903458;2
PRD0903470;2
PRD0903475;2
PRD0903480;2
PRD0903524;2
PRD0903529;2
PRD0903536;2
PRD0903566;2
PRD0903569;2
PRD0903572;2
PRD0903578;2
PRD0903579;2
PRD0903581;2
PRD0903585;2
PRD0903593;2
PRD0903624;2
PRD0903687;2
PRD0903694;2
PRD0903695;2
PRD0903696;2
PRD0903700;2
PRD0903724;2
PRD0903733;2
PRD0903744;2
PRD0903759;2
PRD0903769;2
PRD0903779;2
PRD0903783;2
PRD0903789;2
PRD0903790;2
PRD0903791;2
PRD0903799;2
PRD0903800;2
PRD0903801;2
PRD0903804;2
PRD0903810;2
PRD0903813;2
PRD0903814;2
PRD0903817;2
PRD0903831;2
PRD0903851;2
PRD0903859;2
PRD0903861;2
PRD0903865;2
PRD0903866;2
PRD0903872;2
PRD0903884;2
PRD0903897;2
PRD0903901;2
PRD0903909;2
PRD0903920;2
PRD0903922;2
PRD0903929;2
PRD0903933;2
PRD0903961;2
PRD0903962;2
PRD0903995;2
PRD0903999;2
PRD0904002;2
PRD0904016;2
PRD0904019;2
PRD0904033;2
PRD0904034;2
PRD0904060;2
PRD0904067;2
PRD0904072;2
PRD0904073;2
PRD0904074;2
PRD0904075;2
PRD0904082;2
PRD0904086;2
PRD0904101;2
PRD0904121;2
PRD0904123;2
PRD0904132;2
PRD0904143;2
PRD0904150;2
PRD0904176;2
PRD0904196;2
PRD0904215;2
PRD0904233;2
PRD0904243;2
PRD0904244;2
PRD0904249;2
PRD0904258;2
PRD0904263;2
PRD0904266;2
PRD0904272;2
PRD0904278;2
PRD0904293;2
PRD0904295;2
PRD0904297;2
PRD0904304;2
PRD0904325;2
PRD0904329;2
PRD0904336;2
PRD0904347;2
PRD0904348;2
PRD0904355;2
PRD0904379;2
PRD0904401;2
PRD0904405;2
PRD0904407;2
PRD0904415;2
PRD0904417;2
PRD0904431;2
PRD0904432;2
PRD0904435;2
PRD0904437;2
PRD0904443;2
PRD0904454;2
PRD0904455;2
PRD0904460;2
PRD0904462;2
PRD0904481;2
PRD0904482;2
PRD0904495;2
PRD0904504;2
PRD0904506;2
PRD0904508;2
PRD0904529;2
PRD0904537;2
PRD0904538;2
PRD0904544;2
PRD0904545;2
PRD0904547;2
PRD0904564;2
PRD0904566;2
PRD0904588;2
PRD0904601;2
PRD0904604;2
PRD0904608;2
PRD0904616;2
PRD0904622;2
PRD0904638;2
PRD0904640;2
PRD0904661;2
PRD0904664;2
PRD0904666;2
PRD0904667;2
PRD0904676;2
PRD0904680;2
PRD0904693;2
PRD0904696;2
PRD0904699;2
PRD0904705;2
PRD0904713;2
PRD0904714;2
PRD0904715;2
PRD0904726;2
PRD0904728;2
PRD0904730;2
PRD0904731;2
PRD0904732;2
PRD0904752;2
PRD0904754;2
PRD0904771;2
PRD0904777;2
PRD0904786;2
PRD0904808;2
PRD0904825;2
PRD0904840;2
PRD0904842;2
PRD0904849;2
PRD0904852;2
PRD0904863;2
PRD0904877;2
PRD0904930;2
PRD0904935;2
PRD0904940;2
PRD0904960;2
PRD0904972;2
PRD0904978;2
PRD0904983;2
PRD0904986;2
PRD0900010;1
PRD0900018;1
PRD0900019;1
PRD0900021;1
PRD0900025;1
PRD0900026;1
PRD0900028;1
PRD0900037;1
PRD0900048;1
PRD0900071;1
PRD0900077;1
PRD0900082;1
PRD0900085;1
PRD0900088;1
PRD0900105;1
PRD0900116;1
PRD0900124;1
PRD0900138;1
PRD0900146;1
PRD0900169;1
PRD0900171;1
PRD0900178;1
PRD0900187;1
PRD0900188;1
PRD0900189;1
PRD0900205;1
PRD0900207;1
PRD0900210;1
PRD0900215;1
PRD0900222;1
PRD0900227;1
PRD0900230;1
PRD0900235;1
PRD0900236;1
PRD0900255;1
PRD0900261;1
PRD0900264;1
PRD0900282;1
PRD0900287;1
PRD0900306;1
PRD0900312;1
PRD0900316;1
PRD0900326;1
PRD0900327;1
PRD0900335;1
PRD0900341;1
PRD0900343;1
PRD0900367;1
PRD0900371;1
PRD0900374;1
PRD0900381;1
PRD0900403;1
PRD0900405;1
PRD0900406;1
PRD0900410;1
PRD0900417;1
PRD0900422;1
PRD0900425;1
PRD0900426;1
PRD0900427;1
PRD0900445;1
PRD0900448;1
PRD0900453;1
PRD0900476;1
PRD0900477;1
PRD0900491;1
PRD0900499;1
PRD0900502;1
PRD0900509;1
PRD0900512;1
PRD0900513;1
PRD0900524;1
PRD0900533;1
PRD0900536;1
PRD0900538;1
PRD0900543;1
PRD0900551;1
PRD0900553;1
PRD0900554;1
PRD0900556;1
PRD0900559;1
PRD0900560;1
PRD0900566;1
PRD0900578;1
PRD0900581;1
PRD0900588;1
PRD0900599;1
PRD0900610;1
PRD0900630;1
PRD0900655;1
PRD0900658;1
PRD0900668;1
PRD0900689;1
PRD0900699;1
PRD0900712;1
PRD0900720;1
PRD0900721;1
PRD0900731;1
PRD0900732;1
PRD0900735;1
PRD0900740;1
PRD0900754;1
PRD0900764;1
PRD0900766;1
PRD0900767;1
PRD0900777;1
PRD0900788;1
PRD0900796;1
PRD0900800;1
PRD0900802;1
PRD0900814;1
PRD0900820;1
PRD0900822;1
PRD0900823;1
PRD0900825;1
PRD0900843;1
PRD0900854;1
PRD0900855;1
PRD0900858;1
PRD0900887;1
PRD0900896;1
PRD0900904;1
PRD0900912;1
PRD0900918;1
PRD0900930;1
PRD0900931;1
PRD0900953;1
PRD0900961;1
PRD0900964;1
PRD0900972;1
PRD0900977;1
PRD0900978;1
PRD0900982;1
PRD0900993;1
PRD0900994;1
PRD0900998;1
PRD0901001;1
PRD0901011;1
PRD0901012;1
PRD0901018;1
PRD0901020;1
PRD0901025;1
PRD0901031;1
PRD0901042;1
PRD0901043;1
PRD0901065;1
PRD0901069;1
PRD0901078;1
PRD0901089;1
PRD0901111;1
PRD0901119;1
PRD0901121;1
PRD0901125;1
PRD0901128;1
PRD0901129;1
PRD0901131;1
PRD0901143;1
PRD0901194;1
PRD0901195;1
PRD0901206;1
PRD0901207;1
PRD0901218;1
PRD0901223;1
PRD0901226;1
PRD0901231;1
PRD0901241;1
PRD0901247;1
PRD0901250;1
PRD0901251;1
PRD0901252;1
PRD0901263;1
PRD0901272;1
PRD0901284;1
PRD0901289;1
PRD0901290;1
PRD0901298;1
PRD0901311;1
PRD0901324;1
PRD0901334;1
PRD0901336;1
PRD0901349;1
PRD0901351;1
PRD0901367;1
PRD0901370;1
PRD0901377;1
PRD0901384;1
PRD0901409;1
PRD0901429;1
PRD0901449;1
PRD0901455;1
PRD0901465;1
PRD0901473;1
PRD0901475;1
PRD0901477;1
PRD0901495;1
PRD0901518;1
PRD0901519;1
PRD0901523;1
PRD0901531;1
PRD0901536;1
PRD0901546;1
PRD0901564;1
PRD0901574;1
PRD0901591;1
PRD0901593;1
PRD0901603;1
PRD0901618;1
PRD0901624;1
PRD0901626;1
PRD0901628;1
PRD0901631;1
PRD0901644;1
PRD0901655;1
PRD0901658;1
PRD0901669;1
PRD0901680;1
PRD0901694;1
PRD0901695;1
PRD0901700;1
PRD0901702;1
PRD0901703;1
PRD0901711;1
PRD0901729;1
PRD0901732;1
PRD0901738;1
PRD0901739;1
PRD0901745;1
PRD0901746;1
PRD0901755;1
PRD0901767;1
PRD0901785;1
PRD0901788;1
PRD0901791;1
PRD0901792;1
PRD0901800;1
PRD0901801;1
PRD0901802;1
PRD0901808;1
PRD0901818;1
PRD0901839;1
PRD0901840;1
PRD0901843;1
PRD0901857;1
PRD0901865;1
PRD0901885;1
PRD0901898;1
PRD0901899;1
PRD0901905;1
PRD0901909;1
PRD0901913;1
PRD0901928;1
PRD0901935;1
PRD0901937;1
PRD0901939;1
PRD0901950;1
PRD0901953;1
PRD0901960;1
PRD0901964;1
PRD0901968;1
PRD0901971;1
PRD0901978;1
PRD0901986;1
PRD0901998;1
PRD0902006;1
PRD0902045;1
PRD0902047;1
PRD0902048;1
PRD0902050;1
PRD0902061;1
PRD0902074;1
PRD0902079;1
PRD0902142;1
PRD0902169;1
PRD0902179;1
PRD0902182;1
PRD0902183;1
PRD0902189;1
PRD0902215;1
PRD0902224;1
PRD0902227;1
PRD0902229;1
PRD0902252;1
PRD0902261;1
PRD0902267;1
PRD0902274;1
PRD0902275;1
PRD0902278;1
PRD0902280;1
PRD0902290;1
PRD0902299;1
PRD0902302;1
PRD0902313;1
PRD0902315;1
PRD0902316;1
PRD0902323;1
PRD0902329;1
PRD0902330;1
PRD0902333;1
PRD0902363;1
PRD0902382;1
PRD0902388;1
PRD0902389;1
PRD0902400;1
PRD0902407;1
PRD0902422;1
PRD0902430;1
PRD0902436;1
PRD0902440;1
PRD0902444;1
PRD0902447;1
PRD0902450;1
PRD0902451;1
PRD0902456;1
PRD0902460;1
PRD0902469;1
PRD0902470;1
PRD0902471;1
PRD0902474;1
PRD0902487;1
PRD0902494;1
PRD0902497;1
PRD0902500;1
PRD0902506;1
PRD0902511;1
PRD0902514;1
PRD0902515;1
PRD0902518;1
PRD0902525;1
PRD0902528;1
PRD0902545;1
PRD0902546;1
PRD0902547;1
PRD0902566;1
PRD0902577;1
PRD0902582;1
PRD0902583;1
PRD0902588;1
PRD0902606;1
PRD0902614;1
PRD0902615;1
PRD0902619;1
PRD0902623;1
PRD0902624;1
PRD0902625;1
PRD0902643;1
PRD0902645;1
PRD0902655;1
PRD0902658;1
PRD0902662;1
PRD0902668;1
PRD0902669;1
PRD0902672;1
PRD0902674;1
PRD0902693;1
PRD0902707;1
PRD0902720;1
PRD0902731;1
PRD0902743;1
PRD0902745;1
PRD0902754;1
PRD0902770;1
PRD0902773;1
PRD0902774;1
PRD0902775;1
PRD0902777;1
PRD0902778;1
PRD0902781;1
PRD0902805;1
PRD0902809;1
PRD0902812;1
PRD0902814;1
PRD0902815;1
PRD0902841;1
PRD0902842;1
PRD0902843;1
PRD0902847;1
PRD0902848;1
PRD0902863;1
PRD0902866;1
PRD0902871;1
PRD0902877;1
PRD0902886;1
PRD0902895;1
PRD0902896;1
PRD0902911;1
PRD0902915;1
PRD0902936;1
PRD0902950;1
PRD0902953;1
PRD0902962;1
PRD0902967;1
PRD0902970;1
PRD0902984;1
PRD0902989;1
PRD0903009;1
PRD0903019;1
PRD0903027;1
PRD0903028;1
PRD0903038;1
PRD0903062;1
PRD0903063;1
PRD0903066;1
PRD0903075;1
PRD0903080;1
PRD0903084;1
PRD0903091;1
PRD0903094;1
PRD0903095;1
PRD0903098;1
PRD0903111;1
PRD0903117;1
PRD0903128;1
PRD0903129;1
PRD0903131;1
PRD0903137;1
PRD0903149;1
PRD0903154;1
PRD0903159;1
PRD0903172;1
PRD0903177;1
PRD0903216;1
PRD0903222;1
PRD0903224;1
PRD0903230;1
PRD0903231;1
PRD0903232;1
PRD0903240;1
PRD0903247;1
PRD0903253;1
PRD0903262;1
PRD0903264;1
PRD0903265;1
PRD0903283;1
PRD0903294;1
PRD0903295;1
PRD0903300;1
PRD0903312;1
PRD0903332;1
PRD0903340;1
PRD0903359;1
PRD0903367;1
PRD0903369;1
PRD0903383;1
PRD0903398;1
PRD0903417;1
PRD0903427;1
PRD0903440;1
PRD0903442;1
PRD0903445;1
PRD0903457;1
PRD0903459;1
PRD0903465;1
PRD0903466;1
PRD0903468;1
PRD0903486;1
PRD0903490;1
PRD0903496;1
PRD0903509;1
PRD0903510;1
PRD0903520;1
PRD0903535;1
PRD0903558;1
PRD0903565;1
PRD0903574;1
PRD0903592;1
PRD0903601;1
PRD0903605;1
PRD0903606;1
PRD0903614;1
PRD0903623;1
PRD0903625;1
PRD0903633;1
PRD0903636;1
PRD0903642;1
PRD0903647;1
PRD0903657;1
PRD0903658;1
PRD0903659;1
PRD0903663;1
PRD0903671;1
PRD0903688;1
PRD0903697;1
PRD0903699;1
PRD0903701;1
PRD0903710;1
PRD0903718;1
PRD0903725;1
PRD0903728;1
PRD0903730;1
PRD0903731;1
PRD0903738;1
PRD0903740;1
PRD0903741;1
PRD0903767;1
PRD0903771;1
PRD0903778;1
PRD0903807;1
PRD0903824;1
PRD0903829;1
PRD0903834;1
PRD0903855;1
PRD0903870;1
PRD0903874;1
PRD0903879;1
PRD0903881;1
PRD0903902;1
PRD0903905;1
PRD0903914;1
PRD0903951;1
PRD0903954;1
PRD0903956;1
PRD0903965;1
PRD0903970;1
PRD0903971;1
PRD0903976;1
PRD0903990;1
PRD0903998;1
PRD0904010;1
PRD0904026;1
PRD0904030;1
PRD0904040;1
PRD0904041;1
PRD0904047;1
PRD0904048;1
PRD0904065;1
PRD0904070;1
PRD0904071;1
PRD0904079;1
PRD0904081;1
PRD0904085;1
PRD0904089;1
PRD0904102;1
PRD0904107;1
PRD0904112;1
PRD0904127;1
PRD0904129;1
PRD0904134;1
PRD0904148;1
PRD0904155;1
PRD0904161;1
PRD0904166;1
PRD0904168;1
PRD0904173;1
PRD0904184;1
PRD0904190;1
PRD0904198;1
PRD0904226;1
PRD0904227;1
PRD0904232;1
PRD0904239;1
PRD0904242;1
PRD0904256;1
PRD0904265;1
PRD0904267;1
PRD0904271;1
PRD0904277;1
PRD0904284;1
PRD0904288;1
PRD0904291;1
PRD0904298;1
PRD0904301;1
PRD0904306;1
PRD0904320;1
PRD0904344;1
PRD0904350;1
PRD0904352;1
PRD0904353;1
PRD0904365;1
PRD0904369;1
PRD0904373;1
PRD0904375;1
PRD0904403;1
PRD0904408;1
PRD0904410;1
PRD0904428;1
PRD0904430;1
PRD0904438;1
PRD0904440;1
PRD0904452;1
PRD0904458;1
PRD0904466;1
PRD0904468;1
PRD0904470;1
PRD0904484;1
PRD0904487;1
PRD0904496;1
PRD0904499;1
PRD0904501;1
PRD0904503;1
PRD0904514;1
PRD0904517;1
PRD0904539;1
PRD0904540;1
PRD0904551;1
PRD0904558;1
PRD0904572;1
PRD0904575;1
PRD0904581;1
PRD0904584;1
PRD0904587;1
PRD0904591;1
PRD0904593;1
PRD0904612;1
PRD0904619;1
PRD0904623;1
PRD0904626;1
PRD0904632;1
PRD0904641;1
PRD0904660;1
PRD0904662;1
PRD0904663;1
PRD0904668;1
PRD0904670;1
PRD0904673;1
PRD0904675;1
PRD0904677;1
PRD0904678;1
PRD0904687;1
PRD0904692;1
PRD0904704;1
PRD0904718;1
PRD0904721;1
PRD0904756;1
PRD0904759;1
PRD0904763;1
PRD0904764;1
PRD0904766;1
PRD0904778;1
PRD0904793;1
PRD0904804;1
PRD0904817;1
PRD0904820;1
PRD0904827;1
PRD0904839;1
PRD0904847;1
PRD0904855;1
PRD0904859;1
PRD0904865;1
PRD0904890;1
PRD0904897;1
PRD0904899;1
PRD0904912;1
PRD0904914;1
PRD0904919;1
PRD0904939;1
PRD0904946;1
PRD0904949;1
PRD0904969;1
PRD0904985;1
PRD0904991;1
PRD0900009;0
PRD0900030;0
PRD0900036;0
PRD0900061;0
PRD0900062;0
PRD0900064;0
PRD0900084;0
PRD0900089;0
PRD0900094;0
PRD0900101;0
PRD0900102;0
PRD0900103;0
PRD0900108;0
PRD0900111;0
PRD0900112;0
PRD0900114;0
PRD0900117;0
PRD0900123;0
PRD0900127;0
PRD0900130;0
PRD0900133;0
PRD0900148;0
PRD0900150;0
PRD0900164;0
PRD0900165;0
PRD0900170;0
PRD0900172;0
PRD0900176;0
PRD0900180;0
PRD0900182;0
PRD0900183;0
PRD0900185;0
PRD0900209;0
PRD0900211;0
PRD0900225;0
PRD0900247;0
PRD0900259;0
PRD0900269;0
PRD0900272;0
PRD0900274;0
PRD0900277;0
PRD0900280;0
PRD0900286;0
PRD0900305;0
PRD0900309;0
PRD0900313;0
PRD0900320;0
PRD0900322;0
PRD0900325;0
PRD0900328;0
PRD0900333;0
PRD0900339;0
PRD0900350;0
PRD0900353;0
PRD0900361;0
PRD0900366;0
PRD0900368;0
PRD0900378;0
PRD0900386;0
PRD0900408;0
PRD0900412;0
PRD0900423;0
PRD0900433;0
PRD0900437;0
PRD0900443;0
PRD0900444;0
PRD0900459;0
PRD0900460;0
PRD0900464;0
PRD0900470;0
PRD0900479;0
PRD0900483;0
PRD0900490;0
PRD0900501;0
PRD0900503;0
PRD0900505;0
PRD0900506;0
PRD0900514;0
PRD0900518;0
PRD0900525;0
PRD0900527;0
PRD0900528;0
PRD0900530;0
PRD0900545;0
PRD0900570;0
PRD0900575;0
PRD0900577;0
PRD0900585;0
PRD0900596;0
PRD0900597;0
PRD0900626;0
PRD0900638;0
PRD0900640;0
PRD0900641;0
PRD0900644;0
PRD0900645;0
PRD0900647;0
PRD0900659;0
PRD0900663;0
PRD0900674;0
PRD0900677;0
PRD0900682;0
PRD0900690;0
PRD0900738;0
PRD0900747;0
PRD0900762;0
PRD0900784;0
PRD0900785;0
PRD0900787;0
PRD0900790;0
PRD0900795;0
PRD0900812;0
PRD0900828;0
PRD0900847;0
PRD0900856;0
PRD0900869;0
PRD0900881;0
PRD0900900;0
PRD0900905;0
PRD0900914;0
PRD0900915;0
PRD0900920;0
PRD0900921;0
PRD0900928;0
PRD0900937;0
PRD0900942;0
PRD0900943;0
PRD0900955;0
PRD0900975;0
PRD0900979;0
PRD0900981;0
PRD0900989;0
PRD0900995;0
PRD0900997;0
PRD0900999;0
PRD0901002;0
PRD0901016;0
PRD0901019;0
PRD0901021;0
PRD0901046;0
PRD0901051;0
PRD0901054;0
PRD0901063;0
PRD0901071;0
PRD0901080;0
PRD0901097;0
PRD0901104;0
PRD0901108;0
PRD0901110;0
PRD0901142;0
PRD0901158;0
PRD0901178;0
PRD0901188;0
PRD0901193;0
PRD0901204;0
PRD0901209;0
PRD0901210;0
PRD0901235;0
PRD0901240;0
PRD0901243;0
PRD0901246;0
PRD0901249;0
PRD0901257;0
PRD0901259;0
PRD0901268;0
PRD0901271;0
PRD0901274;0
PRD0901291;0
PRD0901318;0
PRD0901322;0
PRD0901323;0
PRD0901332;0
PRD0901339;0
PRD0901341;0
PRD0901342;0
PRD0901358;0
PRD0901360;0
PRD0901379;0
PRD0901385;0
PRD0901391;0
PRD0901399;0
PRD0901412;0
PRD0901413;0
PRD0901437;0
PRD0901440;0
PRD0901448;0
PRD0901461;0
PRD0901466;0
PRD0901476;0
PRD0901481;0
PRD0901482;0
PRD0901484;0
PRD0901487;0
PRD0901513;0
PRD0901530;0
PRD0901537;0
PRD0901539;0
PRD0901540;0
PRD0901551;0
PRD0901555;0
PRD0901558;0
PRD0901578;0
PRD0901586;0
PRD0901587;0
PRD0901598;0
PRD0901599;0
PRD0901601;0
PRD0901605;0
PRD0901612;0
PRD0901615;0
PRD0901629;0
PRD0901634;0
PRD0901637;0
PRD0901649;0
PRD0901663;0
PRD0901665;0
PRD0901682;0
PRD0901685;0
PRD0901693;0
PRD0901701;0
PRD0901708;0
PRD0901715;0
PRD0901719;0
PRD0901730;0
PRD0901747;0
PRD0901754;0
PRD0901765;0
PRD0901780;0
PRD0901781;0
PRD0901787;0
PRD0901795;0
PRD0901803;0
PRD0901806;0
PRD0901812;0
PRD0901825;0
PRD0901828;0
PRD0901829;0
PRD0901836;0
PRD0901842;0
PRD0901849;0
PRD0901852;0
PRD0901854;0
PRD0901856;0
PRD0901859;0
PRD0901883;0
PRD0901884;0
PRD0901894;0
PRD0901914;0
PRD0901930;0
PRD0901933;0
PRD0901942;0
PRD0901951;0
PRD0901972;0
PRD0901994;0
PRD0902001;0
PRD0902003;0
PRD0902009;0
PRD0902020;0
PRD0902021;0
PRD0902022;0
PRD0902023;0
PRD0902024;0
PRD0902052;0
PRD0902055;0
PRD0902058;0
PRD0902059;0
PRD0902062;0
PRD0902072;0
PRD0902082;0
PRD0902094;0
PRD0902121;0
PRD0902127;0
PRD0902128;0
PRD0902136;0
PRD0902143;0
PRD0902145;0
PRD0902146;0
PRD0902150;0
PRD0902153;0
PRD0902154;0
PRD0902160;0
PRD0902164;0
PRD0902171;0
PRD0902175;0
PRD0902191;0
PRD0902206;0
PRD0902209;0
PRD0902214;0
PRD0902234;0
PRD0902240;0
PRD0902241;0
PRD0902245;0
PRD0902255;0
PRD0902273;0
PRD0902282;0
PRD0902306;0
PRD0902309;0
PRD0902332;0
PRD0902334;0
PRD0902338;0
PRD0902340;0
PRD0902343;0
PRD0902352;0
PRD0902353;0
PRD0902356;0
PRD0902362;0
PRD0902366;0
PRD0902367;0
PRD0902385;0
PRD0902391;0
PRD0902396;0
PRD0902401;0
PRD0902402;0
PRD0902404;0
PRD0902410;0
PRD0902413;0
PRD0902419;0
PRD0902426;0
PRD0902427;0
PRD0902435;0
PRD0902441;0
PRD0902445;0
PRD0902461;0
PRD0902463;0
PRD0902481;0
PRD0902483;0
PRD0902493;0
PRD0902513;0
PRD0902517;0
PRD0902519;0
PRD0902520;0
PRD0902521;0
PRD0902524;0
PRD0902530;0
PRD0902535;0
PRD0902548;0
PRD0902554;0
PRD0902580;0
PRD0902589;0
PRD0902592;0
PRD0902611;0
PRD0902612;0
PRD0902617;0
PRD0902622;0
PRD0902634;0
PRD0902636;0
PRD0902652;0
PRD0902656;0
PRD0902665;0
PRD0902680;0
PRD0902684;0
PRD0902704;0
PRD0902710;0
PRD0902712;0
PRD0902722;0
PRD0902755;0
PRD0902756;0
PRD0902764;0
PRD0902766;0
PRD0902776;0
PRD0902784;0
PRD0902798;0
PRD0902802;0
PRD0902807;0
PRD0902833;0
PRD0902834;0
PRD0902849;0
PRD0902853;0
PRD0902858;0
PRD0902859;0
PRD0902862;0
PRD0902878;0
PRD0902881;0
PRD0902894;0
PRD0902914;0
PRD0902918;0
PRD0902927;0
PRD0902934;0
PRD0902939;0
PRD0902940;0
PRD0902947;0
PRD0902978;0
PRD0902979;0
PRD0902980;0
PRD0902985;0
PRD0902986;0
PRD0902991;0
PRD0902995;0
PRD0902999;0
PRD0903000;0
PRD0903004;0
PRD0903020;0
PRD0903023;0
PRD0903025;0
PRD0903040;0
PRD0903054;0
PRD0903061;0
PRD0903064;0
PRD0903072;0
PRD0903083;0
PRD0903105;0
PRD0903109;0
PRD0903120;0
PRD0903121;0
PRD0903142;0
PRD0903166;0
PRD0903179;0
PRD0903188;0
PRD0903193;0
PRD0903207;0
PRD0903213;0
PRD0903225;0
PRD0903239;0
PRD0903242;0
PRD0903244;0
PRD0903249;0
PRD0903254;0
PRD0903263;0
PRD0903266;0
PRD0903267;0
PRD0903276;0
PRD0903280;0
PRD0903311;0
PRD0903316;0
PRD0903324;0
PRD0903329;0
PRD0903339;0
PRD0903355;0
PRD0903366;0
PRD0903372;0
PRD0903380;0
PRD0903386;0
PRD0903392;0
PRD0903397;0
PRD0903400;0
PRD0903405;0
PRD0903412;0
PRD0903413;0
PRD0903428;0
PRD0903433;0
PRD0903435;0
PRD0903444;0
PRD0903446;0
PRD0903449;0
PRD0903454;0
PRD0903455;0
PRD0903456;0
PRD0903464;0
PRD0903478;0
PRD0903479;0
PRD0903482;0
PRD0903487;0
PRD0903491;0
PRD0903499;0
PRD0903500;0
PRD0903502;0
PRD0903507;0
PRD0903515;0
PRD0903521;0
PRD0903527;0
PRD0903532;0
PRD0903533;0
PRD0903538;0
PRD0903539;0
PRD0903544;0
PRD0903547;0
PRD0903554;0
PRD0903570;0
PRD0903576;0
PRD0903577;0
PRD0903580;0
PRD0903583;0
PRD0903594;0
PRD0903604;0
PRD0903609;0
PRD0903610;0
PRD0903613;0
PRD0903622;0
PRD0903635;0
PRD0903646;0
PRD0903661;0
PRD0903668;0
PRD0903674;0
PRD0903689;0
PRD0903692;0
PRD0903702;0
PRD0903707;0
PRD0903729;0
PRD0903735;0
PRD0903737;0
PRD0903747;0
PRD0903748;0
PRD0903749;0
PRD0903758;0
PRD0903760;0
PRD0903762;0
PRD0903772;0
PRD0903797;0
PRD0903798;0
PRD0903802;0
PRD0903820;0
PRD0903823;0
PRD0903842;0
PRD0903844;0
PRD0903853;0
PRD0903862;0
PRD0903889;0
PRD0903893;0
PRD0903911;0
PRD0903921;0
PRD0903932;0
PRD0903940;0
PRD0903944;0
PRD0903950;0
PRD0903960;0
PRD0903973;0
PRD0903978;0
PRD0903982;0
PRD0903983;0
PRD0903984;0
PRD0904015;0
PRD0904018;0
PRD0904028;0
PRD0904064;0
PRD0904068;0
PRD0904084;0
PRD0904091;0
PRD0904093;0
PRD0904108;0
PRD0904116;0
PRD0904119;0
PRD0904122;0
PRD0904124;0
PRD0904125;0
PRD0904139;0
PRD0904141;0
PRD0904154;0
PRD0904159;0
PRD0904165;0
PRD0904169;0
PRD0904175;0
PRD0904177;0
PRD0904182;0
PRD0904188;0
PRD0904197;0
PRD0904201;0
PRD0904209;0
PRD0904219;0
PRD0904224;0
PRD0904225;0
PRD0904228;0
PRD0904235;0
PRD0904251;0
PRD0904253;0
PRD0904274;0
PRD0904275;0
PRD0904282;0
PRD0904299;0
PRD0904309;0
PRD0904310;0
PRD0904316;0
PRD0904328;0
PRD0904331;0
PRD0904351;0
PRD0904354;0
PRD0904356;0
PRD0904372;0
PRD0904382;0
PRD0904384;0
PRD0904385;0
PRD0904388;0
PRD0904392;0
PRD0904398;0
PRD0904402;0
PRD0904406;0
PRD0904412;0
PRD0904414;0
PRD0904442;0
PRD0904446;0
PRD0904450;0
PRD0904464;0
PRD0904465;0
PRD0904477;0
PRD0904483;0
PRD0904513;0
PRD0904522;0
PRD0904526;0
PRD0904541;0
PRD0904546;0
PRD0904549;0
PRD0904553;0
PRD0904565;0
PRD0904568;0
PRD0904574;0
PRD0904576;0
PRD0904577;0
PRD0904580;0
PRD0904590;0
PRD0904594;0
PRD0904596;0
PRD0904605;0
PRD0904617;0
PRD0904618;0
PRD0904627;0
PRD0904630;0
PRD0904634;0
PRD0904642;0
PRD0904643;0
PRD0904658;0
PRD0904708;0
PRD0904709;0
PRD0904711;0
PRD0904725;0
PRD0904727;0
PRD0904729;0
PRD0904739;0
PRD0904742;0
PRD0904744;0
PRD0904749;0
PRD0904772;0
PRD0904776;0
PRD0904800;0
PRD0904802;0
PRD0904805;0
PRD0904810;0
PRD0904818;0
PRD0904828;0
PRD0904831;0
PRD0904843;0
PRD0904850;0
PRD0904853;0
PRD0904880;0
PRD0904882;0
PRD0904886;0
PRD0904889;0
PRD0904893;0
PRD0904902;0
PRD0904910;0
PRD0904931;0
PRD0904932;0
PRD0904937;0
PRD0904941;0
PRD0904964;0
PRD0904973;0
PRD0904994;0
PROD_CODE;0
