PRD0903678;413
PRD0903052;384
PRD0904358;277
PRD0900121;274
PRD0901278;196
PRD0903228;180
PRD0902540;178
PRD0904044;178
PRD0904887;174
PRD0903993;170
PRD0902029;168
PRD0901383;162
PRD0901265;154
PRD0901348;148
PRD0901672;148
PRD0900531;146
PRD0901878;144
PRD0902322;144
PRD0903846;142
PRD0903399;140
PRD0903788;140
PRD0901060;128
PRD0904945;128
PRD0900830;126
PRD0902671;120
PRD0900159;118
PRD0902840;118
PRD0900679;114
PRD0902728;114
PRD0902882;114
PRD0901228;112
PRD0903269;112
PRD0903806;112
PRD0903867;112
PRD0903497;110
PRD0900097;108
PRD0901948;108
PRD0902808;108
PRD0904250;106
PRD0900254;104
PRD0902700;104
PRD0902944;104
PRD0903081;104
PRD0901316;100
PRD0901652;100
PRD0903074;98
PRD0901549;92
PRD0903588;92
PRD0904723;92
PRD0903362;90
PRD0903542;90
PRD0900173;89
PRD0904976;88
PRD0901887;86
PRD0903620;86
PRD0903627;86
PRD0904652;86
PRD0902929;85
PRD0900684;84
PRD0901365;84
PRD0904409;84
PRD0901007;82
PRD0901712;82
PRD0904962;82
PRD0900986;80
PRD0903389;78
PRD0900008;76
PRD0900691;76
PRD0903395;76
PRD0904421;76
PRD0900239;74
PRD0900249;74
PRD0901837;74
PRD0903516;74
PRD0901068;72
PRD0901821;72
PRD0903078;72
PRD0903377;72
PRD0900202;70
PRD0900415;70
PRD0901740;70
PRD0904933;70
PRD0902129;68
PRD0903033;68
PRD0901009;66
PRD0902008;66
PRD0902213;66
PRD0902242;66
PRD0904248;66
PRD0900302;64
PRD0901003;64
PRD0902969;64
PRD0903644;64
PRD0903913;64
PRD0904157;64
PRD0904245;64
PRD0900324;62
PRD0904066;62
PRD0904679;62
PRD0900902;58
PRD0901216;58
PRD0901294;58
PRD0902163;58
PRD0902819;58
PRD0902898;58
PRD0903437;58
PRD0903677;58
PRD0904194;58
PRD0901026;56
PRD0901066;56
PRD0902198;56
PRD0902900;56
PRD0903130;56
PRD0903298;56
PRD0903991;56
PRD0900440;54
PRD0902099;54
PRD0902942;54
PRD0903764;54
PRD0904920;54
PRD0901499;52
PRD0901850;52
PRD0902103;52
PRD0902613;52
PRD0902913;52
PRD0903586;52
PRD0903776;52
PRD0904511;52
PRD0904684;52
PRD0900968;50
PRD0902265;50
PRD0903460;50
PRD0903514;50
PRD0903685;50
PRD0904212;50
PRD0904780;50
PRD0900234;48
PRD0900385;48
PRD0900580;48
PRD0900907;48
PRD0901165;48
PRD0902692;48
PRD0903250;48
PRD0903513;48
PRD0903608;48
PRD0904001;48
PRD0900330;46
PRD0900748;46
PRD0901359;46
PRD0901775;46
PRD0902453;46
PRD0902569;46
PRD0902689;46
PRD0903022;46
PRD0903317;46
PRD0900218;44
PRD0900494;44
PRD0900967;44
PRD0901585;44
PRD0902060;44
PRD0902159;44
PRD0902375;44
PRD0902423;44
PRD0902650;44
PRD0903485;44
PRD0904988;44
PRD0900676;42
PRD0900733;42
PRD0900774;42
PRD0901527;42
PRD0901562;42
PRD0901945;42
PRD0902116;42
PRD0902314;42
PRD0902723;42
PRD0902813;42
PRD0903050;42
PRD0903090;42
PRD0903341;42
PRD0903388;42
PRD0903423;42
PRD0903612;42
PRD0904559;42
PRD0904755;42
PRD0904918;42
PRD0900219;40
PRD0900456;40
PRD0900859;40
PRD0901088;40
PRD0901777;40
PRD0901853;40
PRD0902087;40
PRD0902345;40
PRD0902509;40
PRD0902699;40
PRD0903053;40
PRD0903181;40
PRD0903234;40
PRD0903313;40
PRD0903774;40
PRD0904183;40
PRD0904281;40
PRD0904478;40
PRD0904722;40
PRD0904751;40
PRD0904791;40
PRD0900065;38
PRD0900233;38
PRD0900296;38
PRD0900388;38
PRD0901067;38
PRD0901329;38
PRD0901535;38
PRD0901662;38
PRD0901811;38
PRD0902268;38
PRD0902503;38
PRD0902573;38
PRD0902601;38
PRD0903246;38
PRD0903571;38
PRD0903898;38
PRD0900196;36
PRD0900346;36
PRD0900609;36
PRD0900648;36
PRD0901220;36
PRD0901422;36
PRD0902277;36
PRD0902289;36
PRD0902472;36
PRD0902748;36
PRD0903007;36
PRD0903211;36
PRD0903812;36
PRD0903828;36
PRD0904488;36
PRD0904738;36
PRD0904743;36
PRD0900162;34
PRD0900653;34
PRD0900875;34
PRD0900926;34
PRD0900959;34
PRD0900966;34
PRD0901212;34
PRD0901353;34
PRD0901478;34
PRD0901505;34
PRD0901627;34
PRD0901653;34
PRD0901798;34
PRD0901848;34
PRD0901961;34
PRD0902499;34
PRD0902505;34
PRD0902660;34
PRD0902930;34
PRD0903321;34
PRD0903373;34
PRD0904099;34
PRD0904528;34
PRD0904606;34
PRD0904647;34
PRD0904911;34
PRD0900567;32
PRD0900649;32
PRD0900908;32
PRD0901094;32
PRD0901098;32
PRD0901242;32
PRD0901276;32
PRD0901789;32
PRD0901861;32
PRD0902259;32
PRD0902288;32
PRD0902479;32
PRD0902678;32
PRD0902786;32
PRD0902924;32
PRD0903215;32
PRD0903615;32
PRD0903617;32
PRD0903786;32
PRD0903868;32
PRD0904025;32
PRD0904158;32
PRD0904252;32
PRD0904286;32
PRD0904557;32
PRD0900066;30
PRD0900087;30
PRD0900220;30
PRD0900265;30
PRD0900329;30
PRD0901084;30
PRD0901248;30
PRD0901510;30
PRD0901679;30
PRD0902053;30
PRD0902192;30
PRD0902556;30
PRD0902618;30
PRD0902763;30
PRD0903101;30
PRD0903114;30
PRD0903596;30
PRD0903706;30
PRD0903869;30
PRD0903908;30
PRD0903988;30
PRD0904142;30
PRD0904469;30
PRD0904569;30
PRD0904845;30
PRD0904878;30
PRD0900139;28
PRD0900375;28
PRD0900475;28
PRD0900487;28
PRD0900523;28
PRD0900736;28
PRD0900741;28
PRD0900755;28
PRD0900868;28
PRD0901048;28
PRD0901304;28
PRD0901335;28
PRD0901771;28
PRD0901871;28
PRD0902064;28
PRD0902555;28
PRD0902587;28
PRD0902844;28
PRD0902982;28
PRD0903096;28
PRD0903192;28
PRD0903243;28
PRD0903270;28
PRD0903407;28
PRD0903469;28
PRD0903639;28
PRD0903822;28
PRD0904045;28
PRD0904261;28
PRD0904319;28
PRD0904620;28
PRD0904745;28
PRD0904761;28
PRD0904774;28
PRD0904797;28
PRD0904841;28
PRD0900290;26
PRD0900314;26
PRD0900465;26
PRD0900493;26
PRD0900637;26
PRD0900670;26
PRD0900675;26
PRD0900962;26
PRD0900983;26
PRD0901123;26
PRD0901488;26
PRD0901548;26
PRD0901656;26
PRD0901705;26
PRD0901776;26
PRD0901892;26
PRD0901918;26
PRD0902125;26
PRD0902137;26
PRD0902207;26
PRD0902347;26
PRD0902431;26
PRD0903110;26
PRD0903190;26
PRD0903256;26
PRD0903607;26
PRD0903750;26
PRD0903837;26
PRD0903878;26
PRD0904162;26
PRD0904174;26
PRD0904917;26
PRD0900058;24
PRD0900145;24
PRD0900151;24
PRD0900204;24
PRD0900212;24
PRD0900251;24
PRD0900294;24
PRD0900407;24
PRD0900411;24
PRD0900660;24
PRD0900753;24
PRD0900836;24
PRD0901173;24
PRD0901369;24
PRD0901405;24
PRD0901468;24
PRD0901469;24
PRD0901569;24
PRD0901577;24
PRD0901872;24
PRD0901904;24
PRD0902138;24
PRD0902158;24
PRD0902286;24
PRD0902395;24
PRD0902406;24
PRD0902473;24
PRD0902599;24
PRD0902686;24
PRD0902735;24
PRD0902804;24
PRD0902817;24
PRD0903003;24
PRD0903141;24
PRD0903158;24
PRD0903255;24
PRD0903274;24
PRD0903303;24
PRD0903348;24
PRD0903374;24
PRD0903393;24
PRD0903436;24
PRD0903567;24
PRD0904152;24
PRD0904210;24
PRD0904234;24
PRD0904311;24
PRD0904318;24
PRD0904599;24
PRD0904806;24
PRD0904838;24
PRD0904872;24
PRD0904915;24
PRD0904963;24
PRD0900109;22
PRD0900200;22
PRD0900340;22
PRD0900398;22
PRD0900400;22
PRD0900500;22
PRD0900540;22
PRD0900700;22
PRD0900729;22
PRD0900780;22
PRD0900867;22
PRD0901035;22
PRD0901092;22
PRD0901114;22
PRD0901180;22
PRD0901219;22
PRD0901239;22
PRD0901253;22
PRD0901264;22
PRD0901419;22
PRD0901486;22
PRD0901500;22
PRD0901608;22
PRD0901619;22
PRD0901860;22
PRD0901924;22
PRD0902000;22
PRD0902027;22
PRD0902186;22
PRD0902201;22
PRD0902424;22
PRD0902484;22
PRD0902560;22
PRD0902706;22
PRD0902724;22
PRD0902912;22
PRD0903058;22
PRD0903168;22
PRD0903376;22
PRD0903403;22
PRD0903492;22
PRD0903557;22
PRD0903561;22
PRD0903563;22
PRD0903637;22
PRD0903693;22
PRD0903711;22
PRD0903751;22
PRD0903836;22
PRD0904230;22
PRD0904237;22
PRD0904441;22
PRD0904498;22
PRD0904672;22
PRD0904782;22
PRD0904789;22
PRD0904813;22
PRD0904832;22
PRD0904857;22
PRD0904921;22
PRD0900135;20
PRD0900359;20
PRD0900390;20
PRD0900432;20
PRD0900435;20
PRD0900474;20
PRD0900517;20
PRD0900522;20
PRD0900614;20
PRD0900786;20
PRD0900819;20
PRD0900833;20
PRD0900876;20
PRD0900889;20
PRD0900923;20
PRD0900939;20
PRD0900954;20
PRD0901049;20
PRD0901101;20
PRD0901136;20
PRD0901145;20
PRD0901153;20
PRD0901182;20
PRD0901192;20
PRD0901317;20
PRD0901392;20
PRD0901522;20
PRD0901589;20
PRD0901716;20
PRD0901718;20
PRD0901728;20
PRD0901891;20
PRD0901917;20
PRD0901920;20
PRD0902140;20
PRD0902217;20
PRD0902262;20
PRD0902443;20
PRD0902695;20
PRD0902746;20
PRD0902856;20
PRD0903044;20
PRD0903047;20
PRD0903057;20
PRD0903115;20
PRD0903122;20
PRD0903140;20
PRD0903184;20
PRD0903204;20
PRD0903301;20
PRD0903307;20
PRD0903401;20
PRD0903498;20
PRD0903590;20
PRD0903599;20
PRD0903611;20
PRD0903959;20
PRD0904005;20
PRD0904114;20
PRD0904167;20
PRD0904240;20
PRD0904294;20
PRD0904345;20
PRD0904363;20
PRD0904433;20
PRD0904444;20
PRD0904480;20
PRD0904490;20
PRD0904535;20
PRD0904555;20
PRD0904639;20
PRD0904674;20
PRD0904690;20
PRD0904695;20
PRD0904876;20
PRD0904967;20
PRD0900166;18
PRD0900262;18
PRD0900284;18
PRD0900295;18
PRD0900311;18
PRD0900357;18
PRD0900380;18
PRD0900384;18
PRD0900472;18
PRD0900569;18
PRD0900584;18
PRD0900602;18
PRD0900951;18
PRD0901008;18
PRD0901014;18
PRD0901090;18
PRD0901141;18
PRD0901163;18
PRD0901187;18
PRD0901279;18
PRD0901350;18
PRD0901357;18
PRD0901381;18
PRD0901389;18
PRD0901407;18
PRD0901446;18
PRD0901622;18
PRD0901650;18
PRD0901763;18
PRD0901766;18
PRD0901773;18
PRD0901827;18
PRD0901888;18
PRD0902044;18
PRD0902148;18
PRD0902167;18
PRD0902318;18
PRD0902449;18
PRD0902597;18
PRD0902675;18
PRD0902681;18
PRD0902715;18
PRD0902787;18
PRD0902891;18
PRD0903106;18
PRD0903245;18
PRD0903271;18
PRD0903325;18
PRD0903330;18
PRD0903338;18
PRD0903396;18
PRD0903415;18
PRD0903618;18
PRD0903763;18
PRD0903835;18
PRD0903854;18
PRD0903917;18
PRD0903923;18
PRD0903963;18
PRD0904004;18
PRD0904038;18
PRD0904109;18
PRD0904170;18
PRD0904241;18
PRD0904269;18
PRD0904339;18
PRD0904419;18
PRD0904424;18
PRD0904502;18
PRD0904519;18
PRD0904552;18
PRD0904792;18
PRD0904867;18
PRD0904957;18
PRD0900006;16
PRD0900034;16
PRD0900053;16
PRD0900093;16
PRD0900140;16
PRD0900174;16
PRD0900181;16
PRD0900199;16
PRD0900213;16
PRD0900291;16
PRD0900321;16
PRD0900331;16
PRD0900332;16
PRD0900358;16
PRD0900363;16
PRD0900413;16
PRD0900457;16
PRD0900508;16
PRD0900633;16
PRD0900665;16
PRD0900695;16
PRD0900709;16
PRD0900803;16
PRD0900810;16
PRD0900882;16
PRD0900890;16
PRD0900971;16
PRD0901028;16
PRD0901086;16
PRD0901105;16
PRD0901222;16
PRD0901280;16
PRD0901283;16
PRD0901319;16
PRD0901340;16
PRD0901421;16
PRD0901474;16
PRD0901483;16
PRD0901496;16
PRD0901520;16
PRD0901541;16
PRD0901545;16
PRD0901561;16
PRD0901590;16
PRD0901611;16
PRD0901638;16
PRD0901881;16
PRD0901936;16
PRD0901957;16
PRD0901983;16
PRD0902013;16
PRD0902091;16
PRD0902107;16
PRD0902115;16
PRD0902216;16
PRD0902233;16
PRD0902276;16
PRD0902321;16
PRD0902328;16
PRD0902351;16
PRD0902371;16
PRD0902398;16
PRD0902477;16
PRD0902478;16
PRD0902594;16
PRD0902610;16
PRD0902621;16
PRD0902691;16
PRD0902697;16
PRD0902837;16
PRD0902883;16
PRD0902890;16
PRD0902908;16
PRD0902945;16
PRD0902960;16
PRD0903008;16
PRD0903051;16
PRD0903147;16
PRD0903162;16
PRD0903218;16
PRD0903285;16
PRD0903327;16
PRD0903409;16
PRD0903429;16
PRD0903432;16
PRD0903441;16
PRD0903511;16
PRD0903518;16
PRD0903543;16
PRD0903650;16
PRD0903761;16
PRD0903770;16
PRD0903816;16
PRD0903827;16
PRD0903860;16
PRD0903876;16
PRD0903896;16
PRD0903900;16
PRD0903939;16
PRD0903980;16
PRD0904014;16
PRD0904023;16
PRD0904029;16
PRD0904055;16
PRD0904077;16
PRD0904103;16
PRD0904120;16
PRD0904192;16
PRD0904211;16
PRD0904357;16
PRD0904364;16
PRD0904459;16
PRD0904489;16
PRD0904614;16
PRD0904710;16
PRD0904908;16
PRD0904951;16
PRD0904977;16
PRD0904990;16
PRD0900013;14
PRD0900014;14
PRD0900027;14
PRD0900147;14
PRD0900149;14
PRD0900154;14
PRD0900229;14
PRD0900248;14
PRD0900260;14
PRD0900338;14
PRD0900362;14
PRD0900376;14
PRD0900387;14
PRD0900394;14
PRD0900395;14
PRD0900401;14
PRD0900461;14
PRD0900547;14
PRD0900603;14
PRD0900606;14
PRD0900631;14
PRD0900656;14
PRD0900672;14
PRD0900685;14
PRD0900715;14
PRD0900745;14
PRD0900927;14
PRD0900984;14
PRD0901017;14
PRD0901113;14
PRD0901116;14
PRD0901214;14
PRD0901258;14
PRD0901328;14
PRD0901417;14
PRD0901420;14
PRD0901428;14
PRD0901431;14
PRD0901480;14
PRD0901529;14
PRD0901543;14
PRD0901594;14
PRD0901617;14
PRD0901647;14
PRD0901673;14
PRD0901743;14
PRD0901778;14
PRD0901823;14
PRD0901901;14
PRD0901906;14
PRD0901915;14
PRD0901938;14
PRD0901946;14
PRD0901954;14
PRD0901985;14
PRD0901996;14
PRD0902054;14
PRD0902056;14
PRD0902063;14
PRD0902083;14
PRD0902149;14
PRD0902151;14
PRD0902155;14
PRD0902200;14
PRD0902254;14
PRD0902272;14
PRD0902292;14
PRD0902370;14
PRD0902374;14
PRD0902405;14
PRD0902455;14
PRD0902459;14
PRD0902491;14
PRD0902576;14
PRD0902679;14
PRD0902685;14
PRD0902749;14
PRD0902855;14
PRD0902887;14
PRD0902899;14
PRD0902907;14
PRD0902954;14
PRD0902968;14
PRD0902971;14
PRD0903001;14
PRD0903010;14
PRD0903170;14
PRD0903197;14
PRD0903214;14
PRD0903273;14
PRD0903286;14
PRD0903336;14
PRD0903360;14
PRD0903378;14
PRD0903463;14
PRD0903473;14
PRD0903477;14
PRD0903541;14
PRD0903556;14
PRD0903560;14
PRD0903680;14
PRD0903686;14
PRD0903691;14
PRD0903704;14
PRD0903705;14
PRD0903717;14
PRD0903757;14
PRD0903782;14
PRD0903796;14
PRD0903819;14
PRD0903890;14
PRD0903964;14
PRD0903975;14
PRD0904020;14
PRD0904059;14
PRD0904062;14
PRD0904096;14
PRD0904156;14
PRD0904191;14
PRD0904208;14
PRD0904264;14
PRD0904340;14
PRD0904371;14
PRD0904387;14
PRD0904404;14
PRD0904436;14
PRD0904453;14
PRD0904463;14
PRD0904534;14
PRD0904561;14
PRD0904567;14
PRD0904600;14
PRD0904615;14
PRD0904636;14
PRD0904656;14
PRD0904669;14
PRD0904681;14
PRD0904698;14
PRD0904736;14
PRD0904757;14
PRD0904785;14
PRD0904788;14
PRD0904836;14
PRD0904891;14
PRD0904934;14
PRD0900095;12
PRD0900129;12
PRD0900143;12
PRD0900228;12
PRD0900242;12
PRD0900345;12
PRD0900354;12
PRD0900356;12
PRD0900372;12
PRD0900393;12
PRD0900414;12
PRD0900431;12
PRD0900450;12
PRD0900452;12
PRD0900507;12
PRD0900526;12
PRD0900532;12
PRD0900565;12
PRD0900572;12
PRD0900598;12
PRD0900692;12
PRD0900757;12
PRD0900807;12
PRD0900815;12
PRD0900840;12
PRD0900885;12
PRD0900917;12
PRD0900991;12
PRD0900996;12
PRD0901004;12
PRD0901027;12
PRD0901052;12
PRD0901132;12
PRD0901139;12
PRD0901170;12
PRD0901171;12
PRD0901172;12
PRD0901201;12
PRD0901205;12
PRD0901230;12
PRD0901364;12
PRD0901366;12
PRD0901410;12
PRD0901424;12
PRD0901506;12
PRD0901508;12
PRD0901565;12
PRD0901584;12
PRD0901600;12
PRD0901610;12
PRD0901620;12
PRD0901666;12
PRD0901670;12
PRD0901684;12
PRD0901688;12
PRD0901706;12
PRD0901720;12
PRD0901727;12
PRD0901741;12
PRD0901742;12
PRD0901759;12
PRD0901769;12
PRD0901779;12
PRD0901820;12
PRD0901826;12
PRD0901844;12
PRD0901877;12
PRD0901886;12
PRD0901896;12
PRD0901923;12
PRD0901944;12
PRD0901966;12
PRD0901977;12
PRD0902015;12
PRD0902043;12
PRD0902066;12
PRD0902075;12
PRD0902134;12
PRD0902194;12
PRD0902203;12
PRD0902218;12
PRD0902222;12
PRD0902232;12
PRD0902243;12
PRD0902247;12
PRD0902266;12
PRD0902308;12
PRD0902376;12
PRD0902386;12
PRD0902429;12
PRD0902434;12
PRD0902457;12
PRD0902482;12
PRD0902490;12
PRD0902522;12
PRD0902549;12
PRD0902562;12
PRD0902579;12
PRD0902596;12
PRD0902608;12
PRD0902629;12
PRD0902632;12
PRD0902638;12
PRD0902687;12
PRD0902760;12
PRD0902767;12
PRD0902832;12
PRD0902897;12
PRD0902917;12
PRD0902923;12
PRD0902948;12
PRD0902963;12
PRD0903042;12
PRD0903086;12
PRD0903113;12
PRD0903138;12
PRD0903152;12
PRD0903176;12
PRD0903183;12
PRD0903189;12
PRD0903194;12
PRD0903195;12
PRD0903200;12
PRD0903223;12
PRD0903227;12
PRD0903233;12
PRD0903309;12
PRD0903320;12
PRD0903334;12
PRD0903342;12
PRD0903438;12
PRD0903452;12
PRD0903523;12
PRD0903552;12
PRD0903598;12
PRD0903632;12
PRD0903665;12
PRD0903667;12
PRD0903690;12
PRD0903720;12
PRD0903722;12
PRD0903727;12
PRD0903739;12
PRD0903768;12
PRD0903805;12
PRD0903825;12
PRD0903832;12
PRD0903850;12
PRD0903877;12
PRD0903918;12
PRD0903942;12
PRD0903957;12
PRD0904011;12
PRD0904046;12
PRD0904050;12
PRD0904088;12
PRD0904133;12
PRD0904136;12
PRD0904138;12
PRD0904140;12
PRD0904171;12
PRD0904202;12
PRD0904204;12
PRD0904213;12
PRD0904308;12
PRD0904327;12
PRD0904370;12
PRD0904391;12
PRD0904399;12
PRD0904411;12
PRD0904422;12
PRD0904426;12
PRD0904486;12
PRD0904532;12
PRD0904621;12
PRD0904624;12
PRD0904637;12
PRD0904657;12
PRD0904703;12
PRD0904719;12
PRD0904854;12
PRD0904860;12
PRD0904861;12
PRD0904866;12
PRD0904909;12
PRD0904925;12
PRD0904938;12
PRD0904947;12
PRD0904981;12
PRD0900076;10
PRD0900144;10
PRD0900161;10
PRD0900167;10
PRD0900175;10
PRD0900177;10
PRD0900195;10
PRD0900238;10
PRD0900292;10
PRD0900300;10
PRD0900318;10
PRD0900342;10
PRD0900347;10
PRD0900348;10
PRD0900349;10
PRD0900373;10
PRD0900399;10
PRD0900429;10
PRD0900462;10
PRD0900469;10
PRD0900471;10
PRD0900489;10
PRD0900519;10
PRD0900564;10
PRD0900622;10
PRD0900632;10
PRD0900654;10
PRD0900664;10
PRD0900683;10
PRD0900687;10
PRD0900722;10
PRD0900734;10
PRD0900744;10
PRD0900759;10
PRD0900760;10
PRD0900769;10
PRD0900775;10
PRD0900797;10
PRD0900817;10
PRD0900837;10
PRD0900888;10
PRD0900938;10
PRD0900946;10
PRD0901013;10
PRD0901053;10
PRD0901083;10
PRD0901100;10
PRD0901112;10
PRD0901124;10
PRD0901137;10
PRD0901150;10
PRD0901169;10
PRD0901199;10
PRD0901255;10
PRD0901327;10
PRD0901343;10
PRD0901387;10
PRD0901395;10
PRD0901400;10
PRD0901411;10
PRD0901414;10
PRD0901434;10
PRD0901458;10
PRD0901470;10
PRD0901489;10
PRD0901524;10
PRD0901568;10
PRD0901571;10
PRD0901573;10
PRD0901592;10
PRD0901604;10
PRD0901614;10
PRD0901667;10
PRD0901770;10
PRD0901809;10
PRD0901813;10
PRD0901822;10
PRD0901835;10
PRD0901845;10
PRD0901858;10
PRD0901866;10
PRD0901867;10
PRD0901969;10
PRD0901981;10
PRD0901982;10
PRD0901987;10
PRD0901990;10
PRD0902018;10
PRD0902049;10
PRD0902068;10
PRD0902077;10
PRD0902108;10
PRD0902170;10
PRD0902190;10
PRD0902221;10
PRD0902225;10
PRD0902279;10
PRD0902324;10
PRD0902342;10
PRD0902372;10
PRD0902399;10
PRD0902409;10
PRD0902420;10
PRD0902425;10
PRD0902462;10
PRD0902507;10
PRD0902563;10
PRD0902581;10
PRD0902586;10
PRD0902630;10
PRD0902631;10
PRD0902666;10
PRD0902667;10
PRD0902682;10
PRD0902721;10
PRD0902757;10
PRD0902789;10
PRD0902790;10
PRD0902801;10
PRD0902821;10
PRD0902852;10
PRD0902868;10
PRD0902880;10
PRD0902892;10
PRD0902919;10
PRD0902920;10
PRD0902938;10
PRD0902957;10
PRD0903013;10
PRD0903021;10
PRD0903039;10
PRD0903123;10
PRD0903134;10
PRD0903198;10
PRD0903205;10
PRD0903335;10
PRD0903349;10
PRD0903352;10
PRD0903353;10
PRD0903364;10
PRD0903408;10
PRD0903471;10
PRD0903472;10
PRD0903489;10
PRD0903602;10
PRD0903619;10
PRD0903654;10
PRD0903794;10
PRD0903821;10
PRD0903833;10
PRD0903845;10
PRD0903852;10
PRD0903875;10
PRD0903882;10
PRD0903891;10
PRD0903899;10
PRD0903925;10
PRD0903927;10
PRD0903931;10
PRD0903974;10
PRD0903981;10
PRD0904007;10
PRD0904013;10
PRD0904039;10
PRD0904056;10
PRD0904058;10
PRD0904061;10
PRD0904063;10
PRD0904080;10
PRD0904090;10
PRD0904092;10
PRD0904113;10
PRD0904185;10
PRD0904195;10
PRD0904199;10
PRD0904207;10
PRD0904246;10
PRD0904276;10
PRD0904289;10
PRD0904321;10
PRD0904322;10
PRD0904324;10
PRD0904360;10
PRD0904389;10
PRD0904396;10
PRD0904420;10
PRD0904434;10
PRD0904505;10
PRD0904510;10
PRD0904527;10
PRD0904645;10
PRD0904649;10
PRD0904686;10
PRD0904720;10
PRD0904733;10
PRD0904748;10
PRD0904750;10
PRD0904758;10
PRD0904781;10
PRD0904794;10
PRD0904803;10
PRD0904814;10
PRD0904826;10
PRD0904830;10
PRD0904851;10
PRD0904868;10
PRD0904870;10
PRD0904871;10
PRD0904888;10
PRD0904898;10
PRD0904916;10
PRD0904936;10
PRD0904958;10
PRD0904961;10
PRD0904993;10
PRD0900002;8
PRD0900015;8
PRD0900032;8
PRD0900040;8
PRD0900044;8
PRD0900051;8
PRD0900092;8
PRD0900107;8
PRD0900119;8
PRD0900128;8
PRD0900142;8
PRD0900198;8
PRD0900217;8
PRD0900226;8
PRD0900243;8
PRD0900244;8
PRD0900267;8
PRD0900270;8
PRD0900319;8
PRD0900336;8
PRD0900337;8
PRD0900369;8
PRD0900382;8
PRD0900391;8
PRD0900430;8
PRD0900447;8
PRD0900463;8
PRD0900486;8
PRD0900542;8
PRD0900555;8
PRD0900568;8
PRD0900607;8
PRD0900608;8
PRD0900615;8
PRD0900618;8
PRD0900619;8
PRD0900636;8
PRD0900651;8
PRD0900673;8
PRD0900686;8
PRD0900701;8
PRD0900705;8
PRD0900723;8
PRD0900725;8
PRD0900728;8
PRD0900749;8
PRD0900751;8
PRD0900791;8
PRD0900794;8
PRD0900818;8
PRD0900834;8
PRD0900846;8
PRD0900851;8
PRD0900863;8
PRD0900873;8
PRD0900898;8
PRD0900934;8
PRD0900936;8
PRD0900958;8
PRD0900963;8
PRD0900973;8
PRD0901037;8
PRD0901038;8
PRD0901039;8
PRD0901045;8
PRD0901055;8
PRD0901075;8
PRD0901076;8
PRD0901103;8
PRD0901133;8
PRD0901134;8
PRD0901147;8
PRD0901167;8
PRD0901179;8
PRD0901198;8
PRD0901202;8
PRD0901215;8
PRD0901221;8
PRD0901225;8
PRD0901229;8
PRD0901256;8
PRD0901262;8
PRD0901287;8
PRD0901295;8
PRD0901306;8
PRD0901307;8
PRD0901308;8
PRD0901337;8
PRD0901355;8
PRD0901356;8
PRD0901376;8
PRD0901386;8
PRD0901398;8
PRD0901402;8
PRD0901404;8
PRD0901450;8
PRD0901502;8
PRD0901515;8
PRD0901528;8
PRD0901532;8
PRD0901533;8
PRD0901579;8
PRD0901580;8
PRD0901616;8
PRD0901621;8
PRD0901635;8
PRD0901648;8
PRD0901675;8
PRD0901687;8
PRD0901707;8
PRD0901734;8
PRD0901744;8
PRD0901752;8
PRD0901761;8
PRD0901810;8
PRD0901824;8
PRD0901834;8
PRD0901863;8
PRD0901925;8
PRD0901927;8
PRD0901929;8
PRD0901955;8
PRD0901965;8
PRD0901967;8
PRD0901991;8
PRD0901992;8
PRD0902010;8
PRD0902012;8
PRD0902014;8
PRD0902019;8
PRD0902025;8
PRD0902032;8
PRD0902036;8
PRD0902069;8
PRD0902078;8
PRD0902093;8
PRD0902097;8
PRD0902098;8
PRD0902102;8
PRD0902109;8
PRD0902110;8
PRD0902112;8
PRD0902144;8
PRD0902162;8
PRD0902165;8
PRD0902181;8
PRD0902187;8
PRD0902188;8
PRD0902197;8
PRD0902248;8
PRD0902250;8
PRD0902291;8
PRD0902310;8
PRD0902341;8
PRD0902361;8
PRD0902392;8
PRD0902394;8
PRD0902411;8
PRD0902414;8
PRD0902432;8
PRD0902452;8
PRD0902467;8
PRD0902496;8
PRD0902536;8
PRD0902541;8
PRD0902561;8
PRD0902565;8
PRD0902570;8
PRD0902571;8
PRD0902575;8
PRD0902609;8
PRD0902627;8
PRD0902628;8
PRD0902637;8
PRD0902639;8
PRD0902642;8
PRD0902646;8
PRD0902647;8
PRD0902736;8
PRD0902751;8
PRD0902780;8
PRD0902782;8
PRD0902795;8
PRD0902803;8
PRD0902822;8
PRD0902826;8
PRD0902839;8
PRD0902867;8
PRD0902869;8
PRD0902873;8
PRD0902889;8
PRD0902906;8
PRD0902909;8
PRD0902974;8
PRD0902976;8
PRD0902987;8
PRD0902993;8
PRD0903026;8
PRD0903071;8
PRD0903085;8
PRD0903093;8
PRD0903107;8
PRD0903125;8
PRD0903136;8
PRD0903153;8
PRD0903156;8
PRD0903203;8
PRD0903208;8
PRD0903241;8
PRD0903291;8
PRD0903297;8
PRD0903308;8
PRD0903315;8
PRD0903328;8
PRD0903365;8
PRD0903382;8
PRD0903410;8
PRD0903419;8
PRD0903426;8
PRD0903430;8
PRD0903447;8
PRD0903476;8
PRD0903494;8
PRD0903495;8
PRD0903522;8
PRD0903525;8
PRD0903526;8
PRD0903540;8
PRD0903545;8
PRD0903564;8
PRD0903630;8
PRD0903655;8
PRD0903703;8
PRD0903714;8
PRD0903721;8
PRD0903745;8
PRD0903746;8
PRD0903765;8
PRD0903809;8
PRD0903815;8
PRD0903903;8
PRD0903910;8
PRD0903924;8
PRD0903934;8
PRD0903935;8
PRD0903941;8
PRD0903949;8
PRD0903992;8
PRD0903996;8
PRD0904000;8
PRD0904008;8
PRD0904024;8
PRD0904027;8
PRD0904043;8
PRD0904097;8
PRD0904115;8
PRD0904149;8
PRD0904178;8
PRD0904203;8
PRD0904218;8
PRD0904262;8
PRD0904323;8
PRD0904332;8
PRD0904334;8
PRD0904337;8
PRD0904359;8
PRD0904366;8
PRD0904367;8
PRD0904376;8
PRD0904447;8
PRD0904479;8
PRD0904492;8
PRD0904494;8
PRD0904516;8
PRD0904518;8
PRD0904523;8
PRD0904525;8
PRD0904530;8
PRD0904531;8
PRD0904533;8
PRD0904548;8
PRD0904570;8
PRD0904579;8
PRD0904592;8
PRD0904595;8
PRD0904598;8
PRD0904613;8
PRD0904707;8
PRD0904737;8
PRD0904740;8
PRD0904760;8
PRD0904815;8
PRD0904848;8
PRD0904874;8
PRD0904879;8
PRD0904881;8
PRD0904883;8
PRD0904903;8
PRD0904906;8
PRD0904923;8
PRD0904942;8
PRD0904982;8
PRD0904995;8
PRD0900004;6
PRD0900005;6
PRD0900007;6
PRD0900017;6
PRD0900033;6
PRD0900045;6
PRD0900046;6
PRD0900049;6
PRD0900050;6
PRD0900055;6
PRD0900060;6
PRD0900078;6
PRD0900080;6
PRD0900083;6
PRD0900099;6
PRD0900104;6
PRD0900115;6
PRD0900125;6
PRD0900132;6
PRD0900155;6
PRD0900158;6
PRD0900179;6
PRD0900201;6
PRD0900214;6
PRD0900216;6
PRD0900256;6
PRD0900258;6
PRD0900275;6
PRD0900298;6
PRD0900310;6
PRD0900315;6
PRD0900396;6
PRD0900409;6
PRD0900424;6
PRD0900434;6
PRD0900436;6
PRD0900468;6
PRD0900478;6
PRD0900484;6
PRD0900520;6
PRD0900534;6
PRD0900541;6
PRD0900548;6
PRD0900557;6
PRD0900561;6
PRD0900571;6
PRD0900582;6
PRD0900605;6
PRD0900617;6
PRD0900621;6
PRD0900624;6
PRD0900666;6
PRD0900667;6
PRD0900669;6
PRD0900688;6
PRD0900702;6
PRD0900717;6
PRD0900718;6
PRD0900719;6
PRD0900724;6
PRD0900743;6
PRD0900761;6
PRD0900779;6
PRD0900801;6
PRD0900809;6
PRD0900811;6
PRD0900835;6
PRD0900838;6
PRD0900839;6
PRD0900845;6
PRD0900849;6
PRD0900852;6
PRD0900860;6
PRD0900865;6
PRD0900870;6
PRD0900886;6
PRD0900891;6
PRD0900893;6
PRD0900899;6
PRD0900906;6
PRD0900925;6
PRD0900948;6
PRD0900956;6
PRD0900965;6
PRD0901006;6
PRD0901010;6
PRD0901032;6
PRD0901047;6
PRD0901056;6
PRD0901062;6
PRD0901070;6
PRD0901072;6
PRD0901077;6
PRD0901079;6
PRD0901106;6
PRD0901109;6
PRD0901122;6
PRD0901127;6
PRD0901140;6
PRD0901151;6
PRD0901152;6
PRD0901157;6
PRD0901161;6
PRD0901168;6
PRD0901176;6
PRD0901185;6
PRD0901186;6
PRD0901200;6
PRD0901211;6
PRD0901227;6
PRD0901254;6
PRD0901285;6
PRD0901292;6
PRD0901297;6
PRD0901301;6
PRD0901305;6
PRD0901338;6
PRD0901361;6
PRD0901375;6
PRD0901382;6
PRD0901388;6
PRD0901390;6
PRD0901393;6
PRD0901401;6
PRD0901406;6
PRD0901408;6
PRD0901416;6
PRD0901441;6
PRD0901443;6
PRD0901445;6
PRD0901456;6
PRD0901457;6
PRD0901459;6
PRD0901492;6
PRD0901498;6
PRD0901501;6
PRD0901507;6
PRD0901542;6
PRD0901547;6
PRD0901597;6
PRD0901609;6
PRD0901636;6
PRD0901674;6
PRD0901676;6
PRD0901691;6
PRD0901713;6
PRD0901717;6
PRD0901733;6
PRD0901735;6
PRD0901749;6
PRD0901757;6
PRD0901758;6
PRD0901762;6
PRD0901786;6
PRD0901797;6
PRD0901799;6
PRD0901805;6
PRD0901832;6
PRD0901838;6
PRD0901862;6
PRD0901873;6
PRD0901876;6
PRD0901908;6
PRD0901916;6
PRD0901926;6
PRD0901962;6
PRD0901973;6
PRD0901997;6
PRD0902007;6
PRD0902011;6
PRD0902017;6
PRD0902040;6
PRD0902041;6
PRD0902051;6
PRD0902065;6
PRD0902081;6
PRD0902084;6
PRD0902088;6
PRD0902092;6
PRD0902100;6
PRD0902101;6
PRD0902105;6
PRD0902118;6
PRD0902119;6
PRD0902120;6
PRD0902124;6
PRD0902139;6
PRD0902166;6
PRD0902176;6
PRD0902180;6
PRD0902205;6
PRD0902212;6
PRD0902220;6
PRD0902237;6
PRD0902238;6
PRD0902256;6
PRD0902257;6
PRD0902264;6
PRD0902270;6
PRD0902283;6
PRD0902284;6
PRD0902287;6
PRD0902294;6
PRD0902295;6
PRD0902297;6
PRD0902305;6
PRD0902311;6
PRD0902317;6
PRD0902335;6
PRD0902365;6
PRD0902377;6
PRD0902380;6
PRD0902390;6
PRD0902403;6
PRD0902439;6
PRD0902465;6
PRD0902480;6
PRD0902502;6
PRD0902532;6
PRD0902537;6
PRD0902539;6
PRD0902585;6
PRD0902590;6
PRD0902595;6
PRD0902598;6
PRD0902603;6
PRD0902620;6
PRD0902626;6
PRD0902654;6
PRD0902657;6
PRD0902661;6
PRD0902690;6
PRD0902702;6
PRD0902713;6
PRD0902717;6
PRD0902719;6
PRD0902732;6
PRD0902742;6
PRD0902753;6
PRD0902759;6
PRD0902772;6
PRD0902792;6
PRD0902796;6
PRD0902829;6
PRD0902838;6
PRD0902845;6
PRD0902850;6
PRD0902861;6
PRD0902874;6
PRD0902916;6
PRD0902928;6
PRD0902951;6
PRD0902952;6
PRD0902958;6
PRD0903017;6
PRD0903018;6
PRD0903034;6
PRD0903043;6
PRD0903055;6
PRD0903060;6
PRD0903073;6
PRD0903079;6
PRD0903082;6
PRD0903089;6
PRD0903112;6
PRD0903127;6
PRD0903133;6
PRD0903135;6
PRD0903143;6
PRD0903144;6
PRD0903145;6
PRD0903169;6
PRD0903175;6
PRD0903178;6
PRD0903191;6
PRD0903217;6
PRD0903219;6
PRD0903235;6
PRD0903278;6
PRD0903284;6
PRD0903288;6
PRD0903304;6
PRD0903331;6
PRD0903370;6
PRD0903371;6
PRD0903402;6
PRD0903467;6
PRD0903481;6
PRD0903505;6
PRD0903528;6
PRD0903531;6
PRD0903548;6
PRD0903582;6
PRD0903591;6
PRD0903597;6
PRD0903621;6
PRD0903628;6
PRD0903629;6
PRD0903631;6
PRD0903651;6
PRD0903660;6
PRD0903662;6
PRD0903664;6
PRD0903670;6
PRD0903672;6
PRD0903723;6
PRD0903753;6
PRD0903777;6
PRD0903781;6
PRD0903787;6
PRD0903792;6
PRD0903826;6
PRD0903841;6
PRD0903863;6
PRD0903864;6
PRD0903883;6
PRD0903886;6
PRD0903888;6
PRD0903906;6
PRD0903907;6
PRD0903930;6
PRD0903936;6
PRD0903968;6
PRD0903972;6
PRD0903977;6
PRD0903986;6
PRD0903987;6
PRD0903997;6
PRD0904009;6
PRD0904035;6
PRD0904036;6
PRD0904054;6
PRD0904057;6
PRD0904076;6
PRD0904083;6
PRD0904098;6
PRD0904100;6
PRD0904110;6
PRD0904130;6
PRD0904144;6
PRD0904160;6
PRD0904163;6
PRD0904164;6
PRD0904205;6
PRD0904217;6
PRD0904229;6
PRD0904254;6
PRD0904255;6
PRD0904270;6
PRD0904273;6
PRD0904283;6
PRD0904292;6
PRD0904305;6
PRD0904315;6
PRD0904330;6
PRD0904335;6
PRD0904374;6
PRD0904380;6
PRD0904394;6
PRD0904397;6
PRD0904400;6
PRD0904413;6
PRD0904418;6
PRD0904423;6
PRD0904425;6
PRD0904427;6
PRD0904445;6
PRD0904474;6
PRD0904475;6
PRD0904493;6
PRD0904500;6
PRD0904507;6
PRD0904509;6
PRD0904520;6
PRD0904554;6
PRD0904585;6
PRD0904602;6
PRD0904603;6
PRD0904648;6
PRD0904650;6
PRD0904651;6
PRD0904688;6
PRD0904697;6
PRD0904746;6
PRD0904773;6
PRD0904775;6
PRD0904795;6
PRD0904809;6
PRD0904821;6
PRD0904822;6
PRD0904823;6
PRD0904834;6
PRD0904846;6
PRD0904856;6
PRD0904869;6
PRD0904892;6
PRD0904895;6
PRD0904905;6
PRD0904907;6
PRD0904926;6
PRD0904952;6
PRD0904965;6
PRD0904974;6
PRD0900029;4
PRD0900052;4
PRD0900054;4
PRD0900056;4
PRD0900057;4
PRD0900069;4
PRD0900074;4
PRD0900091;4
PRD0900113;4
PRD0900118;4
PRD0900153;4
PRD0900157;4
PRD0900160;4
PRD0900168;4
PRD0900221;4
PRD0900224;4
PRD0900231;4
PRD0900241;4
PRD0900263;4
PRD0900271;4
PRD0900273;4
PRD0900278;4
PRD0900285;4
PRD0900289;4
PRD0900293;4
PRD0900297;4
PRD0900304;4
PRD0900308;4
PRD0900360;4
PRD0900370;4
PRD0900397;4
PRD0900416;4
PRD0900420;4
PRD0900421;4
PRD0900438;4
PRD0900439;4
PRD0900442;4
PRD0900449;4
PRD0900454;4
PRD0900467;4
PRD0900473;4
PRD0900481;4
PRD0900482;4
PRD0900488;4
PRD0900492;4
PRD0900498;4
PRD0900516;4
PRD0900521;4
PRD0900537;4
PRD0900563;4
PRD0900573;4
PRD0900574;4
PRD0900583;4
PRD0900589;4
PRD0900592;4
PRD0900593;4
PRD0900595;4
PRD0900613;4
PRD0900623;4
PRD0900627;4
PRD0900628;4
PRD0900634;4
PRD0900639;4
PRD0900643;4
PRD0900662;4
PRD0900680;4
PRD0900698;4
PRD0900707;4
PRD0900713;4
PRD0900727;4
PRD0900737;4
PRD0900752;4
PRD0900765;4
PRD0900771;4
PRD0900776;4
PRD0900781;4
PRD0900805;4
PRD0900821;4
PRD0900826;4
PRD0900832;4
PRD0900844;4
PRD0900853;4
PRD0900857;4
PRD0900862;4
PRD0900871;4
PRD0900877;4
PRD0900878;4
PRD0900883;4
PRD0900884;4
PRD0900897;4
PRD0900901;4
PRD0900903;4
PRD0900911;4
PRD0900919;4
PRD0900922;4
PRD0900929;4
PRD0900933;4
PRD0900935;4
PRD0900944;4
PRD0900976;4
PRD0901024;4
PRD0901034;4
PRD0901044;4
PRD0901058;4
PRD0901059;4
PRD0901074;4
PRD0901081;4
PRD0901082;4
PRD0901087;4
PRD0901093;4
PRD0901099;4
PRD0901102;4
PRD0901118;4
PRD0901138;4
PRD0901144;4
PRD0901146;4
PRD0901148;4
PRD0901160;4
PRD0901166;4
PRD0901181;4
PRD0901190;4
PRD0901196;4
PRD0901197;4
PRD0901224;4
PRD0901233;4
PRD0901237;4
PRD0901238;4
PRD0901261;4
PRD0901269;4
PRD0901270;4
PRD0901277;4
PRD0901281;4
PRD0901282;4
PRD0901286;4
PRD0901288;4
PRD0901293;4
PRD0901299;4
PRD0901303;4
PRD0901309;4
PRD0901310;4
PRD0901331;4
PRD0901333;4
PRD0901352;4
PRD0901354;4
PRD0901374;4
PRD0901394;4
PRD0901396;4
PRD0901403;4
PRD0901415;4
PRD0901423;4
PRD0901426;4
PRD0901427;4
PRD0901430;4
PRD0901432;4
PRD0901435;4
PRD0901451;4
PRD0901463;4
PRD0901464;4
PRD0901490;4
PRD0901491;4
PRD0901503;4
PRD0901504;4
PRD0901514;4
PRD0901516;4
PRD0901521;4
PRD0901544;4
PRD0901552;4
PRD0901553;4
PRD0901554;4
PRD0901556;4
PRD0901560;4
PRD0901563;4
PRD0901567;4
PRD0901576;4
PRD0901588;4
PRD0901613;4
PRD0901632;4
PRD0901639;4
PRD0901645;4
PRD0901651;4
PRD0901659;4
PRD0901677;4
PRD0901678;4
PRD0901681;4
PRD0901692;4
PRD0901698;4
PRD0901699;4
PRD0901704;4
PRD0901721;4
PRD0901723;4
PRD0901750;4
PRD0901753;4
PRD0901764;4
PRD0901768;4
PRD0901794;4
PRD0901817;4
PRD0901831;4
PRD0901833;4
PRD0901855;4
PRD0901869;4
PRD0901870;4
PRD0901874;4
PRD0901897;4
PRD0901900;4
PRD0901903;4
PRD0901907;4
PRD0901912;4
PRD0901919;4
PRD0901921;4
PRD0901931;4
PRD0901958;4
PRD0901959;4
PRD0901970;4
PRD0901974;4
PRD0901975;4
PRD0901988;4
PRD0901989;4
PRD0902016;4
PRD0902026;4
PRD0902028;4
PRD0902031;4
PRD0902034;4
PRD0902070;4
PRD0902076;4
PRD0902090;4
PRD0902096;4
PRD0902106;4
PRD0902117;4
PRD0902122;4
PRD0902126;4
PRD0902130;4
PRD0902132;4
PRD0902141;4
PRD0902157;4
PRD0902168;4
PRD0902185;4
PRD0902199;4
PRD0902204;4
PRD0902219;4
PRD0902226;4
PRD0902239;4
PRD0902253;4
PRD0902258;4
PRD0902269;4
PRD0902298;4
PRD0902301;4
PRD0902303;4
PRD0902312;4
PRD0902325;4
PRD0902350;4
PRD0902354;4
PRD0902355;4
PRD0902357;4
PRD0902358;4
PRD0902359;4
PRD0902364;4
PRD0902368;4
PRD0902408;4
PRD0902412;4
PRD0902415;4
PRD0902416;4
PRD0902417;4
PRD0902438;4
PRD0902446;4
PRD0902464;4
PRD0902468;4
PRD0902476;4
PRD0902485;4
PRD0902486;4
PRD0902488;4
PRD0902489;4
PRD0902492;4
PRD0902498;4
PRD0902501;4
PRD0902516;4
PRD0902526;4
PRD0902533;4
PRD0902542;4
PRD0902544;4
PRD0902551;4
PRD0902557;4
PRD0902558;4
PRD0902559;4
PRD0902564;4
PRD0902578;4
PRD0902584;4
PRD0902600;4
PRD0902602;4
PRD0902605;4
PRD0902607;4
PRD0902648;4
PRD0902651;4
PRD0902653;4
PRD0902659;4
PRD0902673;4
PRD0902676;4
PRD0902688;4
PRD0902694;4
PRD0902709;4
PRD0902718;4
PRD0902729;4
PRD0902733;4
PRD0902734;4
PRD0902737;4
PRD0902740;4
PRD0902747;4
PRD0902752;4
PRD0902758;4
PRD0902769;4
PRD0902785;4
PRD0902794;4
PRD0902810;4
PRD0902816;4
PRD0902825;4
PRD0902836;4
PRD0902860;4
PRD0902875;4
PRD0902876;4
PRD0902901;4
PRD0902903;4
PRD0902904;4
PRD0902925;4
PRD0902931;4
PRD0902941;4
PRD0902946;4
PRD0902959;4
PRD0902988;4
PRD0902997;4
PRD0903014;4
PRD0903030;4
PRD0903035;4
PRD0903037;4
PRD0903041;4
PRD0903046;4
PRD0903048;4
PRD0903069;4
PRD0903076;4
PRD0903077;4
PRD0903088;4
PRD0903099;4
PRD0903100;4
PRD0903102;4
PRD0903108;4
PRD0903139;4
PRD0903146;4
PRD0903157;4
PRD0903161;4
PRD0903164;4
PRD0903171;4
PRD0903174;4
PRD0903185;4
PRD0903196;4
PRD0903199;4
PRD0903202;4
PRD0903212;4
PRD0903221;4
PRD0903229;4
PRD0903248;4
PRD0903251;4
PRD0903257;4
PRD0903259;4
PRD0903260;4
PRD0903279;4
PRD0903282;4
PRD0903287;4
PRD0903290;4
PRD0903296;4
PRD0903302;4
PRD0903306;4
PRD0903333;4
PRD0903375;4
PRD0903384;4
PRD0903387;4
PRD0903390;4
PRD0903394;4
PRD0903414;4
PRD0903422;4
PRD0903434;4
PRD0903439;4
PRD0903451;4
PRD0903458;4
PRD0903470;4
PRD0903475;4
PRD0903480;4
PRD0903524;4
PRD0903529;4
PRD0903536;4
PRD0903566;4
PRD0903569;4
PRD0903572;4
PRD0903578;4
PRD0903579;4
PRD0903581;4
PRD0903585;4
PRD0903593;4
PRD0903624;4
PRD0903687;4
PRD0903694;4
PRD0903695;4
PRD0903696;4
PRD0903700;4
PRD0903724;4
PRD0903733;4
PRD0903744;4
PRD0903759;4
PRD0903769;4
PRD0903779;4
PRD0903783;4
PRD0903789;4
PRD0903790;4
PRD0903791;4
PRD0903799;4
PRD0903800;4
PRD0903801;4
PRD0903804;4
PRD0903810;4
PRD0903813;4
PRD0903814;4
PRD0903817;4
PRD0903831;4
PRD0903851;4
PRD0903859;4
PRD0903861;4
PRD0903865;4
PRD0903866;4
PRD0903872;4
PRD0903884;4
PRD0903897;4
PRD0903901;4
PRD0903909;4
PRD0903920;4
PRD0903922;4
PRD0903929;4
PRD0903933;4
PRD0903961;4
PRD0903962;4
PRD0903995;4
PRD0903999;4
PRD0904002;4
PRD0904016;4
PRD0904019;4
PRD0904033;4
PRD0904034;4
PRD0904060;4
PRD0904067;4
PRD0904072;4
PRD0904073;4
PRD0904074;4
PRD0904075;4
PRD0904082;4
PRD0904086;4
PRD0904101;4
PRD0904121;4
PRD0904123;4
PRD0904132;4
PRD0904143;4
PRD0904150;4
PRD0904176;4
PRD0904196;4
PRD0904215;4
PRD0904233;4
PRD0904243;4
PRD0904244;4
PRD0904249;4
PRD0904258;4
PRD0904263;4
PRD0904266;4
PRD0904272;4
PRD0904278;4
PRD0904293;4
PRD0904295;4
PRD0904297;4
PRD0904304;4
PRD0904325;4
PRD0904329;4
PRD0904336;4
PRD0904347;4
PRD0904348;4
PRD0904355;4
PRD0904379;4
PRD0904401;4
PRD0904405;4
PRD0904407;4
PRD0904415;4
PRD0904417;4
PRD0904431;4
PRD0904432;4
PRD0904435;4
PRD0904437;4
PRD0904443;4
PRD0904454;4
PRD0904455;4
PRD0904460;4
PRD0904462;4
PRD0904481;4
PRD0904482;4
PRD0904495;4
PRD0904504;4
PRD0904506;4
PRD0904508;4
PRD0904529;4
PRD0904537;4
PRD0904538;4
PRD0904544;4
PRD0904545;4
PRD0904547;4
PRD0904564;4
PRD0904566;4
PRD0904588;4
PRD0904601;4
PRD0904604;4
PRD0904608;4
PRD0904616;4
PRD0904622;4
PRD0904638;4
PRD0904640;4
PRD0904661;4
PRD0904664;4
PRD0904666;4
PRD0904667;4
PRD0904676;4
PRD0904680;4
PRD0904693;4
PRD0904696;4
PRD0904699;4
PRD0904705;4
PRD0904713;4
PRD0904714;4
PRD0904715;4
PRD0904726;4
PRD0904728;4
PRD0904730;4
PRD0904731;4
PRD0904732;4
PRD0904752;4
PRD0904754;4
PRD0904771;4
PRD0904777;4
PRD0904786;4
PRD0904808;4
PRD0904825;4
PRD0904840;4
PRD0904842;4
PRD0904849;4
PRD0904852;4
PRD0904863;4
PRD0904877;4
PRD0904930;4
PRD0904935;4
PRD0904940;4
PRD0904960;4
PRD0904972;4
PRD0904978;4
PRD0904983;4
PRD0904986;4
PRD0900010;2
PRD0900018;2
PRD0900019;2
PRD0900021;2
PRD0900025;2
PRD0900026;2
PRD0900028;2
PRD0900037;2
PRD0900048;2
PRD0900071;2
PRD0900077;2
PRD0900082;2
PRD0900085;2
PRD0900088;2
PRD0900105;2
PRD0900116;2
PRD0900124;2
PRD0900138;2
PRD0900146;2
PRD0900169;2
PRD0900171;2
PRD0900178;2
PRD0900187;2
PRD0900188;2
PRD0900189;2
PRD0900205;2
PRD0900207;2
PRD0900210;2
PRD0900215;2
PRD0900222;2
PRD0900227;2
PRD0900230;2
PRD0900235;2
PRD0900236;2
PRD0900255;2
PRD0900261;2
PRD0900264;2
PRD0900282;2
PRD0900287;2
PRD0900306;2
PRD0900312;2
PRD0900316;2
PRD0900326;2
PRD0900327;2
PRD0900335;2
PRD0900341;2
PRD0900343;2
PRD0900367;2
PRD0900371;2
PRD0900374;2
PRD0900381;2
PRD0900403;2
PRD0900405;2
PRD0900406;2
PRD0900410;2
PRD0900417;2
PRD0900422;2
PRD0900425;2
PRD0900426;2
PRD0900427;2
PRD0900445;2
PRD0900448;2
PRD0900453;2
PRD0900476;2
PRD0900477;2
PRD0900491;2
PRD0900499;2
PRD0900502;2
PRD0900509;2
PRD0900512;2
PRD0900513;2
PRD0900524;2
PRD0900533;2
PRD0900536;2
PRD0900538;2
PRD0900543;2
PRD0900551;2
PRD0900553;2
PRD0900554;2
PRD0900556;2
PRD0900559;2
PRD0900560;2
PRD0900566;2
PRD0900578;2
PRD0900581;2
PRD0900588;2
PRD0900599;2
PRD0900610;2
PRD0900630;2
PRD0900655;2
PRD0900658;2
PRD0900668;2
PRD0900689;2
PRD0900699;2
PRD0900712;2
PRD0900720;2
PRD0900721;2
PRD0900731;2
PRD0900732;2
PRD0900735;2
PRD0900740;2
PRD0900754;2
PRD0900764;2
PRD0900766;2
PRD0900767;2
PRD0900777;2
PRD0900788;2
PRD0900796;2
PRD0900800;2
PRD0900802;2
PRD0900814;2
PRD0900820;2
PRD0900822;2
PRD0900823;2
PRD0900825;2
PRD0900843;2
PRD0900854;2
PRD0900855;2
PRD0900858;2
PRD0900887;2
PRD0900896;2
PRD0900904;2
PRD0900912;2
PRD0900918;2
PRD0900930;2
PRD0900931;2
PRD0900953;2
PRD0900961;2
PRD0900964;2
PRD0900972;2
PRD0900977;2
PRD0900978;2
PRD0900982;2
PRD0900993;2
PRD0900994;2
PRD0900998;2
PRD0901001;2
PRD0901011;2
PRD0901012;2
PRD0901018;2
PRD0901020;2
PRD0901025;2
PRD0901031;2
PRD0901042;2
PRD0901043;2
PRD0901065;2
PRD0901069;2
PRD0901078;2
PRD0901089;2
PRD0901111;2
PRD0901119;2
PRD0901121;2
PRD0901125;2
PRD0901128;2
PRD0901129;2
PRD0901131;2
PRD0901143;2
PRD0901194;2
PRD0901195;2
PRD0901206;2
PRD0901207;2
PRD0901218;2
PRD0901223;2
PRD0901226;2
PRD0901231;2
PRD0901241;2
PRD0901247;2
PRD0901250;2
PRD0901251;2
PRD0901252;2
PRD0901263;2
PRD0901272;2
PRD0901284;2
PRD0901289;2
PRD0901290;2
PRD0901298;2
PRD0901311;2
PRD0901324;2
PRD0901334;2
PRD0901336;2
PRD0901349;2
PRD0901351;2
PRD0901367;2
PRD0901370;2
PRD0901377;2
PRD0901384;2
PRD0901409;2
PRD0901429;2
PRD0901449;2
PRD0901455;2
PRD0901465;2
PRD0901473;2
PRD0901475;2
PRD0901477;2
PRD0901495;2
PRD0901518;2
PRD0901519;2
PRD0901523;2
PRD0901531;2
PRD0901536;2
PRD0901546;2
PRD0901564;2
PRD0901574;2
PRD0901591;2
PRD0901593;2
PRD0901603;2
PRD0901618;2
PRD0901624;2
PRD0901626;2
PRD0901628;2
PRD0901631;2
PRD0901644;2
PRD0901655;2
PRD0901658;2
PRD0901669;2
PRD0901680;2
PRD0901694;2
PRD0901695;2
PRD0901700;2
PRD0901702;2
PRD0901703;2
PRD0901711;2
PRD0901729;2
PRD0901732;2
PRD0901738;2
PRD0901739;2
PRD0901745;2
PRD0901746;2
PRD0901755;2
PRD0901767;2
PRD0901785;2
PRD0901788;2
PRD0901791;2
PRD0901792;2
PRD0901800;2
PRD0901801;2
PRD0901802;2
PRD0901808;2
PRD0901818;2
PRD0901839;2
PRD0901840;2
PRD0901843;2
PRD0901857;2
PRD0901865;2
PRD0901885;2
PRD0901898;2
PRD0901899;2
PRD0901905;2
PRD0901909;2
PRD0901913;2
PRD0901928;2
PRD0901935;2
PRD0901937;2
PRD0901939;2
PRD0901950;2
PRD0901953;2
PRD0901960;2
PRD0901964;2
PRD0901968;2
PRD0901971;2
PRD0901978;2
PRD0901986;2
PRD0901998;2
PRD0902006;2
PRD0902045;2
PRD0902047;2
PRD0902048;2
PRD0902050;2
PRD0902061;2
PRD0902074;2
PRD0902079;2
PRD0902142;2
PRD0902169;2
PRD0902179;2
PRD0902182;2
PRD0902183;2
PRD0902189;2
PRD0902215;2
PRD0902224;2
PRD0902227;2
PRD0902229;2
PRD0902252;2
PRD0902261;2
PRD0902267;2
PRD0902274;2
PRD0902275;2
PRD0902278;2
PRD0902280;2
PRD0902290;2
PRD0902299;2
PRD0902302;2
PRD0902313;2
PRD0902315;2
PRD0902316;2
PRD0902323;2
PRD0902329;2
PRD0902330;2
PRD0902333;2
PRD0902363;2
PRD0902382;2
PRD0902388;2
PRD0902389;2
PRD0902400;2
PRD0902407;2
PRD0902422;2
PRD0902430;2
PRD0902436;2
PRD0902440;2
PRD0902444;2
PRD0902447;2
PRD0902450;2
PRD0902451;2
PRD0902456;2
PRD0902460;2
PRD0902469;2
PRD0902470;2
PRD0902471;2
PRD0902474;2
PRD0902487;2
PRD0902494;2
PRD0902497;2
PRD0902500;2
PRD0902506;2
PRD0902511;2
PRD0902514;2
PRD0902515;2
PRD0902518;2
PRD0902525;2
PRD0902528;2
PRD0902545;2
PRD0902546;2
PRD0902547;2
PRD0902566;2
PRD0902577;2
PRD0902582;2
PRD0902583;2
PRD0902588;2
PRD0902606;2
PRD0902614;2
PRD0902615;2
PRD0902619;2
PRD0902623;2
PRD0902624;2
PRD0902625;2
PRD0902643;2
PRD0902645;2
PRD0902655;2
PRD0902658;2
PRD0902662;2
PRD0902668;2
PRD0902669;2
PRD0902672;2
PRD0902674;2
PRD0902693;2
PRD0902707;2
PRD0902720;2
PRD0902731;2
PRD0902743;2
PRD0902745;2
PRD0902754;2
PRD0902770;2
PRD0902773;2
PRD0902774;2
PRD0902775;2
PRD0902777;2
PRD0902778;2
PRD0902781;2
PRD0902805;2
PRD0902809;2
PRD0902812;2
PRD0902814;2
PRD0902815;2
PRD0902841;2
PRD0902842;2
PRD0902843;2
PRD0902847;2
PRD0902848;2
PRD0902863;2
PRD0902866;2
PRD0902871;2
PRD0902877;2
PRD0902886;2
PRD0902895;2
PRD0902896;2
PRD0902911;2
PRD0902915;2
PRD0902936;2
PRD0902950;2
PRD0902953;2
PRD0902962;2
PRD0902967;2
PRD0902970;2
PRD0902984;2
PRD0902989;2
PRD0903009;2
PRD0903019;2
PRD0903027;2
PRD0903028;2
PRD0903038;2
PRD0903062;2
PRD0903063;2
PRD0903066;2
PRD0903075;2
PRD0903080;2
PRD0903084;2
PRD0903091;2
PRD0903094;2
PRD0903095;2
PRD0903098;2
PRD0903111;2
PRD0903117;2
PRD0903128;2
PRD0903129;2
PRD0903131;2
PRD0903137;2
PRD0903149;2
PRD0903154;2
PRD0903159;2
PRD0903172;2
PRD0903177;2
PRD0903216;2
PRD0903222;2
PRD0903224;2
PRD0903230;2
PRD0903231;2
PRD0903232;2
PRD0903240;2
PRD0903247;2
PRD0903253;2
PRD0903262;2
PRD0903264;2
PRD0903265;2
PRD0903283;2
PRD0903294;2
PRD0903295;2
PRD0903300;2
PRD0903312;2
PRD0903332;2
PRD0903340;2
PRD0903359;2
PRD0903367;2
PRD0903369;2
PRD0903383;2
PRD0903398;2
PRD0903417;2
PRD0903427;2
PRD0903440;2
PRD0903442;2
PRD0903445;2
PRD0903457;2
PRD0903459;2
PRD0903465;2
PRD0903466;2
PRD0903468;2
PRD0903486;2
PRD0903490;2
PRD0903496;2
PRD0903509;2
PRD0903510;2
PRD0903520;2
PRD0903535;2
PRD0903558;2
PRD0903565;2
PRD0903574;2
PRD0903592;2
PRD0903601;2
PRD0903605;2
PRD0903606;2
PRD0903614;2
PRD0903623;2
PRD0903625;2
PRD0903633;2
PRD0903636;2
PRD0903642;2
PRD0903647;2
PRD0903657;2
PRD0903658;2
PRD0903659;2
PRD0903663;2
PRD0903671;2
PRD0903688;2
PRD0903697;2
PRD0903699;2
PRD0903701;2
PRD0903710;2
PRD0903718;2
PRD0903725;2
PRD0903728;2
PRD0903730;2
PRD0903731;2
PRD0903738;2
PRD0903740;2
PRD0903741;2
PRD0903767;2
PRD0903771;2
PRD0903778;2
PRD0903807;2
PRD0903824;2
PRD0903829;2
PRD0903834;2
PRD0903855;2
PRD0903870;2
PRD0903874;2
PRD0903879;2
PRD0903881;2
PRD0903902;2
PRD0903905;2
PRD0903914;2
PRD0903951;2
PRD0903954;2
PRD0903956;2
PRD0903965;2
PRD0903970;2
PRD0903971;2
PRD0903976;2
PRD0903990;2
PRD0903998;2
PRD0904010;2
PRD0904026;2
PRD0904030;2
PRD0904040;2
PRD0904041;2
PRD0904047;2
PRD0904048;2
PRD0904065;2
PRD0904070;2
PRD0904071;2
PRD0904079;2
PRD0904081;2
PRD0904085;2
PRD0904089;2
PRD0904102;2
PRD0904107;2
PRD0904112;2
PRD0904127;2
PRD0904129;2
PRD0904134;2
PRD0904148;2
PRD0904155;2
PRD0904161;2
PRD0904166;2
PRD0904168;2
PRD0904173;2
PRD0904184;2
PRD0904190;2
PRD0904198;2
PRD0904226;2
PRD0904227;2
PRD0904232;2
PRD0904239;2
PRD0904242;2
PRD0904256;2
PRD0904265;2
PRD0904267;2
PRD0904271;2
PRD0904277;2
PRD0904284;2
PRD0904288;2
PRD0904291;2
PRD0904298;2
PRD0904301;2
PRD0904306;2
PRD0904320;2
PRD0904344;2
PRD0904350;2
PRD0904352;2
PRD0904353;2
PRD0904365;2
PRD0904369;2
PRD0904373;2
PRD0904375;2
PRD0904403;2
PRD0904408;2
PRD0904410;2
PRD0904428;2
PRD0904430;2
PRD0904438;2
PRD0904440;2
PRD0904452;2
PRD0904458;2
PRD0904466;2
PRD0904468;2
PRD0904470;2
PRD0904484;2
PRD0904487;2
PRD0904496;2
PRD0904499;2
PRD0904501;2
PRD0904503;2
PRD0904514;2
PRD0904517;2
PRD0904539;2
PRD0904540;2
PRD0904551;2
PRD0904558;2
PRD0904572;2
PRD0904575;2
PRD0904581;2
PRD0904584;2
PRD0904587;2
PRD0904591;2
PRD0904593;2
PRD0904612;2
PRD0904619;2
PRD0904623;2
PRD0904626;2
PRD0904632;2
PRD0904641;2
PRD0904660;2
PRD0904662;2
PRD0904663;2
PRD0904668;2
PRD0904670;2
PRD0904673;2
PRD0904675;2
PRD0904677;2
PRD0904678;2
PRD0904687;2
PRD0904692;2
PRD0904704;2
PRD0904718;2
PRD0904721;2
PRD0904756;2
PRD0904759;2
PRD0904763;2
PRD0904764;2
PRD0904766;2
PRD0904778;2
PRD0904793;2
PRD0904804;2
PRD0904817;2
PRD0904820;2
PRD0904827;2
PRD0904839;2
PRD0904847;2
PRD0904855;2
PRD0904859;2
PRD0904865;2
PRD0904890;2
PRD0904897;2
PRD0904899;2
PRD0904912;2
PRD0904914;2
PRD0904919;2
PRD0904939;2
PRD0904946;2
PRD0904949;2
PRD0904969;2
PRD0904985;2
PRD0904991;2
PRD0900009;0
PRD0900030;0
PRD0900036;0
PRD0900061;0
PRD0900062;0
PRD0900064;0
PRD0900084;0
PRD0900089;0
PRD0900094;0
PRD0900101;0
PRD0900102;0
PRD0900103;0
PRD0900108;0
PRD0900111;0
PRD0900112;0
PRD0900114;0
PRD0900117;0
PRD0900123;0
PRD0900127;0
PRD0900130;0
PRD0900133;0
PRD0900148;0
PRD0900150;0
PRD0900164;0
PRD0900165;0
PRD0900170;0
PRD0900172;0
PRD0900176;0
PRD0900180;0
PRD0900182;0
PRD0900183;0
PRD0900185;0
PRD0900209;0
PRD0900211;0
PRD0900225;0
PRD0900247;0
PRD0900259;0
PRD0900269;0
PRD0900272;0
PRD0900274;0
PRD0900277;0
PRD0900280;0
PRD0900286;0
PRD0900305;0
PRD0900309;0
PRD0900313;0
PRD0900320;0
PRD0900322;0
PRD0900325;0
PRD0900328;0
PRD0900333;0
PRD0900339;0
PRD0900350;0
PRD0900353;0
PRD0900361;0
PRD0900366;0
PRD0900368;0
PRD0900378;0
PRD0900386;0
PRD0900408;0
PRD0900412;0
PRD0900423;0
PRD0900433;0
PRD0900437;0
PRD0900443;0
PRD0900444;0
PRD0900459;0
PRD0900460;0
PRD0900464;0
PRD0900470;0
PRD0900479;0
PRD0900483;0
PRD0900490;0
PRD0900501;0
PRD0900503;0
PRD0900505;0
PRD0900506;0
PRD0900514;0
PRD0900518;0
PRD0900525;0
PRD0900527;0
PRD0900528;0
PRD0900530;0
PRD0900545;0
PRD0900570;0
PRD0900575;0
PRD0900577;0
PRD0900585;0
PRD0900596;0
PRD0900597;0
PRD0900626;0
PRD0900638;0
PRD0900640;0
PRD0900641;0
PRD0900644;0
PRD0900645;0
PRD0900647;0
PRD0900659;0
PRD0900663;0
PRD0900674;0
PRD0900677;0
PRD0900682;0
PRD0900690;0
PRD0900738;0
PRD0900747;0
PRD0900762;0
PRD0900784;0
PRD0900785;0
PRD0900787;0
PRD0900790;0
PRD0900795;0
PRD0900812;0
PRD0900828;0
PRD0900847;0
PRD0900856;0
PRD0900869;0
PRD0900881;0
PRD0900900;0
PRD0900905;0
PRD0900914;0
PRD0900915;0
PRD0900920;0
PRD0900921;0
PRD0900928;0
PRD0900937;0
PRD0900942;0
PRD0900943;0
PRD0900955;0
PRD0900975;0
PRD0900979;0
PRD0900981;0
PRD0900989;0
PRD0900995;0
PRD0900997;0
PRD0900999;0
PRD0901002;0
PRD0901016;0
PRD0901019;0
PRD0901021;0
PRD0901046;0
PRD0901051;0
PRD0901054;0
PRD0901063;0
PRD0901071;0
PRD0901080;0
PRD0901097;0
PRD0901104;0
PRD0901108;0
PRD0901110;0
PRD0901142;0
PRD0901158;0
PRD0901178;0
PRD0901188;0
PRD0901193;0
PRD0901204;0
PRD0901209;0
PRD0901210;0
PRD0901235;0
PRD0901240;0
PRD0901243;0
PRD0901246;0
PRD0901249;0
PRD0901257;0
PRD0901259;0
PRD0901268;0
PRD0901271;0
PRD0901274;0
PRD0901291;0
PRD0901318;0
PRD0901322;0
PRD0901323;0
PRD0901332;0
PRD0901339;0
PRD0901341;0
PRD0901342;0
PRD0901358;0
PRD0901360;0
PRD0901379;0
PRD0901385;0
PRD0901391;0
PRD0901399;0
PRD0901412;0
PRD0901413;0
PRD0901437;0
PRD0901440;0
PRD0901448;0
PRD0901461;0
PRD0901466;0
PRD0901476;0
PRD0901481;0
PRD0901482;0
PRD0901484;0
PRD0901487;0
PRD0901513;0
PRD0901530;0
PRD0901537;0
PRD0901539;0
PRD0901540;0
PRD0901551;0
PRD0901555;0
PRD0901558;0
PRD0901578;0
PRD0901586;0
PRD0901587;0
PRD0901598;0
PRD0901599;0
PRD0901601;0
PRD0901605;0
PRD0901612;0
PRD0901615;0
PRD0901629;0
PRD0901634;0
PRD0901637;0
PRD0901649;0
PRD0901663;0
PRD0901665;0
PRD0901682;0
PRD0901685;0
PRD0901693;0
PRD0901701;0
PRD0901708;0
PRD0901715;0
PRD0901719;0
PRD0901730;0
PRD0901747;0
PRD0901754;0
PRD0901765;0
PRD0901780;0
PRD0901781;0
PRD0901787;0
PRD0901795;0
PRD0901803;0
PRD0901806;0
PRD0901812;0
PRD0901825;0
PRD0901828;0
PRD0901829;0
PRD0901836;0
PRD0901842;0
PRD0901849;0
PRD0901852;0
PRD0901854;0
PRD0901856;0
PRD0901859;0
PRD0901883;0
PRD0901884;0
PRD0901894;0
PRD0901914;0
PRD0901930;0
PRD0901933;0
PRD0901942;0
PRD0901951;0
PRD0901972;0
PRD0901994;0
PRD0902001;0
PRD0902003;0
PRD0902009;0
PRD0902020;0
PRD0902021;0
PRD0902022;0
PRD0902023;0
PRD0902024;0
PRD0902052;0
PRD0902055;0
PRD0902058;0
PRD0902059;0
PRD0902062;0
PRD0902072;0
PRD0902082;0
PRD0902094;0
PRD0902121;0
PRD0902127;0
PRD0902128;0
PRD0902136;0
PRD0902143;0
PRD0902145;0
PRD0902146;0
PRD0902150;0
PRD0902153;0
PRD0902154;0
PRD0902160;0
PRD0902164;0
PRD0902171;0
PRD0902175;0
PRD0902191;0
PRD0902206;0
PRD0902209;0
PRD0902214;0
PRD0902234;0
PRD0902240;0
PRD0902241;0
PRD0902245;0
PRD0902255;0
PRD0902273;0
PRD0902282;0
PRD0902306;0
PRD0902309;0
PRD0902332;0
PRD0902334;0
PRD0902338;0
PRD0902340;0
PRD0902343;0
PRD0902352;0
PRD0902353;0
PRD0902356;0
PRD0902362;0
PRD0902366;0
PRD0902367;0
PRD0902385;0
PRD0902391;0
PRD0902396;0
PRD0902401;0
PRD0902402;0
PRD0902404;0
PRD0902410;0
PRD0902413;0
PRD0902419;0
PRD0902426;0
PRD0902427;0
PRD0902435;0
PRD0902441;0
PRD0902445;0
PRD0902461;0
PRD0902463;0
PRD0902481;0
PRD0902483;0
PRD0902493;0
PRD0902513;0
PRD0902517;0
PRD0902519;0
PRD0902520;0
PRD0902521;0
PRD0902524;0
PRD0902530;0
PRD0902535;0
PRD0902548;0
PRD0902554;0
PRD0902580;0
PRD0902589;0
PRD0902592;0
PRD0902611;0
PRD0902612;0
PRD0902617;0
PRD0902622;0
PRD0902634;0
PRD0902636;0
PRD0902652;0
PRD0902656;0
PRD0902665;0
PRD0902680;0
PRD0902684;0
PRD0902704;0
PRD0902710;0
PRD0902712;0
PRD0902722;0
PRD0902755;0
PRD0902756;0
PRD0902764;0
PRD0902766;0
PRD0902776;0
PRD0902784;0
PRD0902798;0
PRD0902802;0
PRD0902807;0
PRD0902833;0
PRD0902834;0
PRD0902849;0
PRD0902853;0
PRD0902858;0
PRD0902859;0
PRD0902862;0
PRD0902878;0
PRD0902881;0
PRD0902894;0
PRD0902914;0
PRD0902918;0
PRD0902927;0
PRD0902934;0
PRD0902939;0
PRD0902940;0
PRD0902947;0
PRD0902978;0
PRD0902979;0
PRD0902980;0
PRD0902985;0
PRD0902986;0
PRD0902991;0
PRD0902995;0
PRD0902999;0
PRD0903000;0
PRD0903004;0
PRD0903020;0
PRD0903023;0
PRD0903025;0
PRD0903040;0
PRD0903054;0
PRD0903061;0
PRD0903064;0
PRD0903072;0
PRD0903083;0
PRD0903105;0
PRD0903109;0
PRD0903120;0
PRD0903121;0
PRD0903142;0
PRD0903166;0
PRD0903179;0
PRD0903188;0
PRD0903193;0
PRD0903207;0
PRD0903213;0
PRD0903225;0
PRD0903239;0
PRD0903242;0
PRD0903244;0
PRD0903249;0
PRD0903254;0
PRD0903263;0
PRD0903266;0
PRD0903267;0
PRD0903276;0
PRD0903280;0
PRD0903311;0
PRD0903316;0
PRD0903324;0
PRD0903329;0
PRD0903339;0
PRD0903355;0
PRD0903366;0
PRD0903372;0
PRD0903380;0
PRD0903386;0
PRD0903392;0
PRD0903397;0
PRD0903400;0
PRD0903405;0
PRD0903412;0
PRD0903413;0
PRD0903428;0
PRD0903433;0
PRD0903435;0
PRD0903444;0
PRD0903446;0
PRD0903449;0
PRD0903454;0
PRD0903455;0
PRD0903456;0
PRD0903464;0
PRD0903478;0
PRD0903479;0
PRD0903482;0
PRD0903487;0
PRD0903491;0
PRD0903499;0
PRD0903500;0
PRD0903502;0
PRD0903507;0
PRD0903515;0
PRD0903521;0
PRD0903527;0
PRD0903532;0
PRD0903533;0
PRD0903538;0
PRD0903539;0
PRD0903544;0
PRD0903547;0
PRD0903554;0
PRD0903570;0
PRD0903576;0
PRD0903577;0
PRD0903580;0
PRD0903583;0
PRD0903594;0
PRD0903604;0
PRD0903609;0
PRD0903610;0
PRD0903613;0
PRD0903622;0
PRD0903635;0
PRD0903646;0
PRD0903661;0
PRD0903668;0
PRD0903674;0
PRD0903689;0
PRD0903692;0
PRD0903702;0
PRD0903707;0
PRD0903729;0
PRD0903735;0
PRD0903737;0
PRD0903747;0
PRD0903748;0
PRD0903749;0
PRD0903758;0
PRD0903760;0
PRD0903762;0
PRD0903772;0
PRD0903797;0
PRD0903798;0
PRD0903802;0
PRD0903820;0
PRD0903823;0
PRD0903842;0
PRD0903844;0
PRD0903853;0
PRD0903862;0
PRD0903889;0
PRD0903893;0
PRD0903911;0
PRD0903921;0
PRD0903932;0
PRD0903940;0
PRD0903944;0
PRD0903950;0
PRD0903960;0
PRD0903973;0
PRD0903978;0
PRD0903982;0
PRD0903983;0
PRD0903984;0
PRD0904015;0
PRD0904018;0
PRD0904028;0
PRD0904064;0
PRD0904068;0
PRD0904084;0
PRD0904091;0
PRD0904093;0
PRD0904108;0
PRD0904116;0
PRD0904119;0
PRD0904122;0
PRD0904124;0
PRD0904125;0
PRD0904139;0
PRD0904141;0
PRD0904154;0
PRD0904159;0
PRD0904165;0
PRD0904169;0
PRD0904175;0
PRD0904177;0
PRD0904182;0
PRD0904188;0
PRD0904197;0
PRD0904201;0
PRD0904209;0
PRD0904219;0
PRD0904224;0
PRD0904225;0
PRD0904228;0
PRD0904235;0
PRD0904251;0
PRD0904253;0
PRD0904274;0
PRD0904275;0
PRD0904282;0
PRD0904299;0
PRD0904309;0
PRD0904310;0
PRD0904316;0
PRD0904328;0
PRD0904331;0
PRD0904351;0
PRD0904354;0
PRD0904356;0
PRD0904372;0
PRD0904382;0
PRD0904384;0
PRD0904385;0
PRD0904388;0
PRD0904392;0
PRD0904398;0
PRD0904402;0
PRD0904406;0
PRD0904412;0
PRD0904414;0
PRD0904442;0
PRD0904446;0
PRD0904450;0
PRD0904464;0
PRD0904465;0
PRD0904477;0
PRD0904483;0
PRD0904513;0
PRD0904522;0
PRD0904526;0
PRD0904541;0
PRD0904546;0
PRD0904549;0
PRD0904553;0
PRD0904565;0
PRD0904568;0
PRD0904574;0
PRD0904576;0
PRD0904577;0
PRD0904580;0
PRD0904590;0
PRD0904594;0
PRD0904596;0
PRD0904605;0
PRD0904617;0
PRD0904618;0
PRD0904627;0
PRD0904630;0
PRD0904634;0
PRD0904642;0
PRD0904643;0
PRD0904658;0
PRD0904708;0
PRD0904709;0
PRD0904711;0
PRD0904725;0
PRD0904727;0
PRD0904729;0
PRD0904739;0
PRD0904742;0
PRD0904744;0
PRD0904749;0
PRD0904772;0
PRD0904776;0
PRD0904800;0
PRD0904802;0
PRD0904805;0
PRD0904810;0
PRD0904818;0
PRD0904828;0
PRD0904831;0
PRD0904843;0
PRD0904850;0
PRD0904853;0
PRD0904880;0
PRD0904882;0
PRD0904886;0
PRD0904889;0
PRD0904893;0
PRD0904902;0
PRD0904910;0
PRD0904931;0
PRD0904932;0
PRD0904937;0
PRD0904941;0
PRD0904964;0
PRD0904973;0
PRD0904994;0
PROD_CODE;0
